index,url,video title,category
phoHsw1-hy0,https://www.youtube.com/watch?v=phoHsw1-hy0,Winter Farming Secrets: How to Farm Successfully in Cold Weather,Science & Technology
T6wqCJMrBkk,https://www.youtube.com/watch?v=T6wqCJMrBkk,"Field to Fork: ""Food Safety Inspections and Audit Requirements""",Education
4JofAMHuDjk,https://www.youtube.com/watch?v=4JofAMHuDjk,Pond Management,Education
TVNORdZFR4E,https://www.youtube.com/watch?v=TVNORdZFR4E,Ministry of Agriculture to showcase small farm machinery,News & Politics
5AMejos2WmY,https://www.youtube.com/watch?v=5AMejos2WmY,Aeroponic Lettuce Farming: Agriculture with Less Water üå± #WaterConservation #LettuceFarming,Education
bxJiO3ZU22E,https://www.youtube.com/watch?v=bxJiO3ZU22E,Top Horse Care Expert Shares WINTER Health Secrets!,Pets & Animals
PGmKPK4yEYo,https://www.youtube.com/watch?v=PGmKPK4yEYo,How To Run Sprinkler Wire,Howto & Style
-H_yOuOWTRk,https://www.youtube.com/watch?v=-H_yOuOWTRk,Destination China ‚Äì new export market opens up for fresh BC blueberries,News & Politics
-__sBSuBzcA,https://www.youtube.com/watch?v=-__sBSuBzcA,2. IRRI Agronomy Challenge 2: Transplanting Day (20 December 2012),Education
K1F-hG165g4,https://www.youtube.com/watch?v=K1F-hG165g4,Pesticidewise: minor pesticide spill,Education
NicweYnR8Ik,https://www.youtube.com/watch?v=NicweYnR8Ik,Spring Planter Tips and Planting Considerations,People & Blogs
OmhDRLXkqS0,https://www.youtube.com/watch?v=OmhDRLXkqS0,Billion-Dollar Chili Farms ‚Äì How Chinese Farmers Grow and Harvest Chili,Entertainment
O_9Ha0i-WVc,https://www.youtube.com/watch?v=O_9Ha0i-WVc,Life as a Farmer: A Day in the Fields #farmerlife #agriculture #shortsyoutube #life,People & Blogs
fDZNiU-XFrY,https://www.youtube.com/watch?v=fDZNiU-XFrY,Grain Farming Process,Science & Technology
TXHAmmjNj5s,https://www.youtube.com/watch?v=TXHAmmjNj5s,Great Plains Drill Calibration Video,Education
9zmqN7IGsJc,https://www.youtube.com/watch?v=9zmqN7IGsJc,#cattle  #australianoutback #agriculture #ruralaustralia,People & Blogs
GS6vmCG3BxI,https://www.youtube.com/watch?v=GS6vmCG3BxI,Modern Tomato üçÖ Farming Techniques | Tomato Growing | Tomato planting Tips | Harvesting Tomato üçÖ,Science & Technology
dZe-5ZvODZ8,https://www.youtube.com/watch?v=dZe-5ZvODZ8,Feed for Thought: How to Successfully Wean Beef Calves,People & Blogs
XYKSbN7L6Hg,https://www.youtube.com/watch?v=XYKSbN7L6Hg,Bridging the Gap: Can Subsistence Farming Feed Us All?,Education
SXbhVl4wX_M,https://www.youtube.com/watch?v=SXbhVl4wX_M,Designing and making a biochar cook stove with oven in Almere Netherlands May 2024,Education
Hhxw8h4yJxQ,https://www.youtube.com/watch?v=Hhxw8h4yJxQ,Improving Your Soil One Amendment at a Time | From the Ground Up,Education
JIlvdxwRxec,https://www.youtube.com/watch?v=JIlvdxwRxec,Extreme Weather: Livestock Preparation Before the Storm,Education
ZBxlHyksDI8,https://www.youtube.com/watch?v=ZBxlHyksDI8,Filthy Farm Jobs | Philip Learns to Milk Cows | S1E2,People & Blogs
w8k-N6dWTFY,https://www.youtube.com/watch?v=w8k-N6dWTFY,Sunflower strip trial looks amazingly beautiful,Science & Technology
EpKCFmPUgo0,https://www.youtube.com/watch?v=EpKCFmPUgo0,Garlic ferments ‚Äì permaculture living (non-monetised),Education
-KUl2ibSp4k,https://www.youtube.com/watch?v=-KUl2ibSp4k,Cover Crops Survey Slideshow,Education
ncYAM2TTs3s,https://www.youtube.com/watch?v=ncYAM2TTs3s,Growing hot peppers in pots,Entertainment
YPqXEDMlwc0,https://www.youtube.com/watch?v=YPqXEDMlwc0,US Farmers Struggle With Drought,Education
KaX412ASd30,https://www.youtube.com/watch?v=KaX412ASd30,Fastest Asbestos Inspection App EVER - Asbestos Software For Tablets & Phones #shorts,Howto & Style
wIjaCVwpGdw,https://www.youtube.com/watch?v=wIjaCVwpGdw,A Day in the Life of a Farmer ‚Äì Hard Work Pure Joy,People & Blogs
vt6EVhbuS_A,https://www.youtube.com/watch?v=vt6EVhbuS_A,Person Milking a cow,Entertainment
0_QOTqYXNi0,https://www.youtube.com/watch?v=0_QOTqYXNi0,HOW TO: DIY self watering system for plants or trees || Agrosuede ‚úî,Howto & Style
ynrXsXnAfPs,https://www.youtube.com/watch?v=ynrXsXnAfPs,Four fruiting trees for drought-prone gardens,Howto & Style
aTNg8lsUGXA,https://www.youtube.com/watch?v=aTNg8lsUGXA,Herding Cows Tips Secrets for Happy and Healthy Livestock,People & Blogs
GSASvZlQRHs,https://www.youtube.com/watch?v=GSASvZlQRHs,WHAT ARE VERSATURF TIRES? WHAT ARE R14 TIRES? WHAT MAKES THEM BETTER? #tractor,Education
r5DHYU-jNQI,https://www.youtube.com/watch?v=r5DHYU-jNQI,Strategic grazing of winter crops,Science & Technology
98pd9mxeYqM,https://www.youtube.com/watch?v=98pd9mxeYqM,Secret To Making Millions In Pig Farming,Pets & Animals
9gE1nbfxYRg,https://www.youtube.com/watch?v=9gE1nbfxYRg,Small Farm Harvests that earn $4000/week on 1/2 Acre of Land,Education
2BIl6kb5BvQ,https://www.youtube.com/watch?v=2BIl6kb5BvQ,How to Start a Worm Farm (it's easy) Get Your FREE GUIDE!,People & Blogs
22Tc7KW8oNM,https://www.youtube.com/watch?v=22Tc7KW8oNM,Raising Goats in Rancho Grande,Nonprofits & Activism
n7riJLIteyE,https://www.youtube.com/watch?v=n7riJLIteyE,Top 9.5 Things Make a BETTER Worm Farmer,Education
_1k9XR8ZFTk,https://www.youtube.com/watch?v=_1k9XR8ZFTk,Learn how to grow maize,Howto & Style
a9wCmcfARtY,https://www.youtube.com/watch?v=a9wCmcfARtY,Potatoes - Grading and Packing,Education
TgXtgmnlW1A,https://www.youtube.com/watch?v=TgXtgmnlW1A,"""DJI Agras T50: The Future of Agricultural Drone Technology""",People & Blogs
wyRZsDDvsJw,https://www.youtube.com/watch?v=wyRZsDDvsJw,Good Morning Farm!,Pets & Animals
dHumorpFUI4,https://www.youtube.com/watch?v=dHumorpFUI4,Home made Machine for mixing components and pouring foam polyurethane,Autos & Vehicles
T769hjGPGHw,https://www.youtube.com/watch?v=T769hjGPGHw,Cold climate gardening (to extend the growing season),Education
dhTTXwFiH1A,https://www.youtube.com/watch?v=dhTTXwFiH1A,How to grow soybeans,People & Blogs
WjQXMa39L_Y,https://www.youtube.com/watch?v=WjQXMa39L_Y,Japan Green Onion Farm And Harvest - Amazing Japan Agriculture Technology Farm #35,Science & Technology
o3-hxzkTwrQ,https://www.youtube.com/watch?v=o3-hxzkTwrQ,start of  generator johndeer  165 hp after overall maintenance  ÿ¨ŸàŸÜÿØŸäÿ± 165   #farming #agriculture,Science & Technology
Jahpq5JGcw0,https://www.youtube.com/watch?v=Jahpq5JGcw0,Winter Livestock Feeding,Education
uNlISsZMfaw,https://www.youtube.com/watch?v=uNlISsZMfaw,"FARM SCHOOL: How to Do Sucessfully Farming In Africa ""Simple Techniques""",Education
wBTl4caU7wQ,https://www.youtube.com/watch?v=wBTl4caU7wQ,How to Grow Rosecoco Beans: A Step-by-Step Guide | Beans Farming in Kenya 2025,Howto & Style
xMKBxqHM87Q,https://www.youtube.com/watch?v=xMKBxqHM87Q,How One Country Sought to Combat the Harm of Burning Sugar Cane,News & Politics
aoBtR2wGOgg,https://www.youtube.com/watch?v=aoBtR2wGOgg,TURN YOUR SMALL FARM INTO A BUSINESS! (AND SAVE BIG ON TAXES),People & Blogs
y9sHzIMkelk,https://www.youtube.com/watch?v=y9sHzIMkelk,Drone footage of a mango farm. Agricultural farmland in rural outback Australia,Film & Animation
q2WOEQb-8v8,https://www.youtube.com/watch?v=q2WOEQb-8v8,Citrus lemon orange mandarin grafting  Tree grafting technique # 91,People & Blogs
knpPY_rOw4A,https://www.youtube.com/watch?v=knpPY_rOw4A,How to milk a cow /Morden cow dairy farming /Cow milking by hand /Smart dairy farm in bangladesh,Pets & Animals
VttqOLqEZvM,https://www.youtube.com/watch?v=VttqOLqEZvM,Unknown Title,Unknown Category
56dM7tLih1U,https://www.youtube.com/watch?v=56dM7tLih1U,3 Development of Rift Valley fever vaccine suitable for human and livestock use - George Warimwe,Science & Technology
G8arsGW0kNo,https://www.youtube.com/watch?v=G8arsGW0kNo,1. Seminar by Bert Collard: Redesigning IRRI‚Äôs irrigated rice breeding program Pt. 1,Science & Technology
amlqth7hQw0,https://www.youtube.com/watch?v=amlqth7hQw0,preparing for the future with this Bald Cypress #bonsai #japan #garden #workshop,Education
uaaxof1ja3Y,https://www.youtube.com/watch?v=uaaxof1ja3Y,Kubota L3200 & Agricola SN | Fiat 215 & Bassi | Onion Sowing | Semina Cipolle,Film & Animation
Ihj_cOuXBnc,https://www.youtube.com/watch?v=Ihj_cOuXBnc,Sunflower Harvesting Machine   How to harvest and processing sunflower seeds,People & Blogs
9NZC_UCPhUo,https://www.youtube.com/watch?v=9NZC_UCPhUo,Weiler 6 Meat Grinding Machine,Science & Technology
3he8yFg7YX8,https://www.youtube.com/watch?v=3he8yFg7YX8,Collecting Soil Samples | From the Ground Up,Education
QL7uFaYtrWo,https://www.youtube.com/watch?v=QL7uFaYtrWo,HOW TO BUILD THE ULTIMATE NO-TILL GARDEN: USING COVER CROPS AS A SHEET MULCH!,Education
o7f1qDapOe8,https://www.youtube.com/watch?v=o7f1qDapOe8,How to Take a Soil Test | From the Ground Up,Education
oMhTKCFdWPE,https://www.youtube.com/watch?v=oMhTKCFdWPE,Africa Sustainable Livestock 2050: Biosafety and Public Health Practices in Poultry Farming in Kenya,News & Politics
E54QPR1u3Ik,https://www.youtube.com/watch?v=E54QPR1u3Ik,What to Put in Your Spring Forage Mix,Education
90XUffl_tGc,https://www.youtube.com/watch?v=90XUffl_tGc,How Innovative Grafting Technique can change the agriculture forever.,Science & Technology
whtCPLuDH5I,https://www.youtube.com/watch?v=whtCPLuDH5I,DIY watering automation system build #2,Science & Technology
q-0aO51Y-3A,https://www.youtube.com/watch?v=q-0aO51Y-3A,Harvesters Farming Steep Land in Washington USA,Entertainment
tH2tlgTF4uY,https://www.youtube.com/watch?v=tH2tlgTF4uY,3 tips that will double the size of your transplants when you up pot them - Planting Tomatoes,People & Blogs
i9tdgZvBNm0,https://www.youtube.com/watch?v=i9tdgZvBNm0,Frosty Pigs - How do they Stay Warm in Cold Weather,Howto & Style
NDNXM9kq5RI,https://www.youtube.com/watch?v=NDNXM9kq5RI,Preparing the Spring Garden,Education
A7u7HYFuKes,https://www.youtube.com/watch?v=A7u7HYFuKes,Peaceful Morning On The Homestead & Moving The Hogs | Farm Vlog,People & Blogs
p4d7tryXjd8,https://www.youtube.com/watch?v=p4d7tryXjd8,Laos: Celebrating the Land Part 1,Education
1JWRoLKb7bk,https://www.youtube.com/watch?v=1JWRoLKb7bk,Garlic and Onion Harvest -  Cold Climate Gardening,Howto & Style
kgkSd-MWo5w,https://www.youtube.com/watch?v=kgkSd-MWo5w,Modern Agriculture: How Millions of Onions Are Harvested and Processed,People & Blogs
lBV1bB-ON_w,https://www.youtube.com/watch?v=lBV1bB-ON_w,Dryland Farming,Education
QR8FLc5kIfk,https://www.youtube.com/watch?v=QR8FLc5kIfk,Cleaning after the cow's in the new barn whith Lely Discovery,People & Blogs
satMCvVd_B0,https://www.youtube.com/watch?v=satMCvVd_B0,India's Milky Way of Farming!,Travel & Events
m_kXk4HQWEQ,https://www.youtube.com/watch?v=m_kXk4HQWEQ,PERKINZ  React Solar Water Pump,Pets & Animals
cpI2_W680_w,https://www.youtube.com/watch?v=cpI2_W680_w,Water conservation with trenches - Farm Innovator Subhash Sharma 13,Education
6r_b9_nivgM,https://www.youtube.com/watch?v=6r_b9_nivgM,Cotton Farming 2020,Entertainment
e7CmKcfrqzQ,https://www.youtube.com/watch?v=e7CmKcfrqzQ,Hand milking,Science & Technology
oOtZD1PlFuw,https://www.youtube.com/watch?v=oOtZD1PlFuw,WATERMELONS  This is the first year I‚Äôve had enough space to grow large.,Education
nB68I_084aA,https://www.youtube.com/watch?v=nB68I_084aA,Methods of Irrigation,Education
FkSUCEfqifQ,https://www.youtube.com/watch?v=FkSUCEfqifQ,"""My Balls Got Caught (In The Hay Baler)"". Rare Gem Found: The Song That Shocked Farmers in 1978",Comedy
30zAWSINOgs,https://www.youtube.com/watch?v=30zAWSINOgs,Fixing 3 Common Problems with Drip Irrigation,People & Blogs
7Nxh8fQa0aU,https://www.youtube.com/watch?v=7Nxh8fQa0aU,lidl Strawberry,People & Blogs
oNwjMD5C29A,https://www.youtube.com/watch?v=oNwjMD5C29A,What you need to know about Foot-and-Mouth Disease.,Entertainment
Z-k73GyMX9k,https://www.youtube.com/watch?v=Z-k73GyMX9k,Quick Guide on Growing SRIRACHA PEPPER (Capsicum annuum): Planting & Care Tips!,Education
3zU6ON0wQtw,https://www.youtube.com/watch?v=3zU6ON0wQtw,Finishing Goat Milking Stanchion Made with Scrap Lumber (for FREE),Entertainment
_JSaI21MazM,https://www.youtube.com/watch?v=_JSaI21MazM,Hay : This Is How We Do It,People & Blogs
5WB1xnPjJ6A,https://www.youtube.com/watch?v=5WB1xnPjJ6A,Harvest Season Farm Drone View,Travel & Events
jdNybFdbMc0,https://www.youtube.com/watch?v=jdNybFdbMc0,Agriculture mechinary /sunflower head blossom,Science & Technology
Yz84MhMFBno,https://www.youtube.com/watch?v=Yz84MhMFBno,Farming In The Arctic | Growing Vegetables In Freezing Temperatures,Science & Technology
8hSuazkppu8,https://www.youtube.com/watch?v=8hSuazkppu8,Food security in drought affected regions in Somalia,People & Blogs
DWeIRD0ylL0,https://www.youtube.com/watch?v=DWeIRD0ylL0,OFF-GRID Garden SOLAR WATER PUMP,Entertainment
aTO5NR2kIRo,https://www.youtube.com/watch?v=aTO5NR2kIRo,Saffron cultivation in Sikkim |J&K Saffron| #Currentaffairs2020#UPSC#IAS#IPS#CAPF#UPPSC#BPSC,Education
uW2PEns7Uz8,https://www.youtube.com/watch?v=uW2PEns7Uz8,Ford 8N Tractor | The Best Tractor You Can Buy!,Autos & Vehicles
mCnJgDk_xww,https://www.youtube.com/watch?v=mCnJgDk_xww,John Deere CH570: The Ultimate Sugarcane Harvester,People & Blogs
eEaEfgJuDQY,https://www.youtube.com/watch?v=eEaEfgJuDQY,rainwater collection system,Science & Technology
C6f4Nf0B1Qc,https://www.youtube.com/watch?v=C6f4Nf0B1Qc,Revolutionize Your Farm with MODERN Rice Transplanting Techniques,People & Blogs
MW2ELdljsgo,https://www.youtube.com/watch?v=MW2ELdljsgo,How To Train Your FAMILY MILK COW | Milking Cows 101,People & Blogs
dsa5hOIV2wc,https://www.youtube.com/watch?v=dsa5hOIV2wc,How regenerative farming reduces costs,Nonprofits & Activism
UycL1soib04,https://www.youtube.com/watch?v=UycL1soib04,Furrow Irrigation System - III,Education
qv25pKyYdxw,https://www.youtube.com/watch?v=qv25pKyYdxw,Easy DIY Worm Farm | Worm Farming for Beginners | Worm Farm Anywhere | Hey It's A Good Life,People & Blogs
neDqy7Gjvk0,https://www.youtube.com/watch?v=neDqy7Gjvk0,End of Growing Season Webinar #3 - Grain Drying and Storage; and Farm Safety.,Education
dGUmu_BBeWA,https://www.youtube.com/watch?v=dGUmu_BBeWA,Consider Soil Conditions When Winter Feeding Hay,Education
daB_bWu0KOw,https://www.youtube.com/watch?v=daB_bWu0KOw,Drilling Oats and Medium Red Clover,People & Blogs
jmd-TL6yrIU,https://www.youtube.com/watch?v=jmd-TL6yrIU,Biosecurity for Transporting Livestock and Poultry for Owners,Education
lmg_z-24RIQ,https://www.youtube.com/watch?v=lmg_z-24RIQ,"""Smart Irrigation Systems: Save Water and Money with Advanced Technology""",People & Blogs
--JPzgi_hlg,https://www.youtube.com/watch?v=--JPzgi_hlg,Napali Farmers are Working in the farmland | attractive tourist places in world,Travel & Events
jwjsrYwBCIE,https://www.youtube.com/watch?v=jwjsrYwBCIE,Harvest Season #harvestseason #farming #agriculturalmachinery #agricultura #shorts,People & Blogs
pg30-LKCzgY,https://www.youtube.com/watch?v=pg30-LKCzgY,Anna Creek Station - South Australia,Science & Technology
vkgEPd0A9t4,https://www.youtube.com/watch?v=vkgEPd0A9t4,Agriculturists undertake small machinery training,News & Politics
yNuQshqrD_I,https://www.youtube.com/watch?v=yNuQshqrD_I,Great Plains 2SNT30 Solid Stand no-till grain drill at auction | bidding closes May 9 2018,Autos & Vehicles
9t_hqzgE6yY,https://www.youtube.com/watch?v=9t_hqzgE6yY,Revisiting Cambodia‚Äôs ‚ÄúKilling Fields‚Äù 30 years later,Nonprofits & Activism
tb4OiUS-vfY,https://www.youtube.com/watch?v=tb4OiUS-vfY,The Essential Guide to Goats in Farming Simulator 25,Gaming
x9rPLywWs_8,https://www.youtube.com/watch?v=x9rPLywWs_8,Setting Up the Winter Chicken Coop,Film & Animation
0cQCiqc1X5o,https://www.youtube.com/watch?v=0cQCiqc1X5o,DELMADE RELEASES the NEW + UPGRADED Delmade MkII Ripper Pipe Layer,People & Blogs
uDKpRSWoICw,https://www.youtube.com/watch?v=uDKpRSWoICw,Ears treatment wheat with application maps / agrirouter Data Exchange,Science & Technology
bff54zrpyOE,https://www.youtube.com/watch?v=bff54zrpyOE,Farm Machine Safety: Combine Safety,Education
u9JfsYqHub8,https://www.youtube.com/watch?v=u9JfsYqHub8,Cultivate Your Own Edamame: A Guide to Growing and Enjoying Soybeans!,Howto & Style
S0fpQekokPM,https://www.youtube.com/watch?v=S0fpQekokPM,"""Hay Baling 101: Essential Tips for Cutting and Storing Hay""",People & Blogs
FCqSs4bTqTs,https://www.youtube.com/watch?v=FCqSs4bTqTs,Small Farm Irrigation - Video 4 - How to Patch a Lay Flat Header Pipe,Education
kLUx6WwmQX0,https://www.youtube.com/watch?v=kLUx6WwmQX0,Sowing Garlic 28th September 2024,Howto & Style
DQYwKGvw-HM,https://www.youtube.com/watch?v=DQYwKGvw-HM,Days Century Growers Fruit Packing House,Nonprofits & Activism
llnmeGL5EzY,https://www.youtube.com/watch?v=llnmeGL5EzY,Tractor Tire Set up,People & Blogs
xNqv4qRYcyo,https://www.youtube.com/watch?v=xNqv4qRYcyo,Commercial Maize Farming in Ghana for Beginners 2024,Education
bXBTYxRIjfc,https://www.youtube.com/watch?v=bXBTYxRIjfc,Fig Farming in the North Central Region with Kris Heeter,Education
JgvKll2T5PA,https://www.youtube.com/watch?v=JgvKll2T5PA,Drones For Farming | Drone Ag,Science & Technology
tk0dd8lqtw8,https://www.youtube.com/watch?v=tk0dd8lqtw8,Reduced Tillage Systems for Organic Vegetable Production,Education
hAi3gTgy3qM,https://www.youtube.com/watch?v=hAi3gTgy3qM,More Water for Farms More Food for Everyone,Nonprofits & Activism
eks_viqfWrY,https://www.youtube.com/watch?v=eks_viqfWrY,Composting 101 - building your compost bin,Nonprofits & Activism
ILONBHqq-iU,https://www.youtube.com/watch?v=ILONBHqq-iU,Secrets of My Family's Daily Cattle Raising Routine,People & Blogs
UPo2O_pZjpg,https://www.youtube.com/watch?v=UPo2O_pZjpg,TOP 10 SNOW REMOVAL MISTAKES TRACTOR OWNERS MAKE ‚ùÑÔ∏èüöúüë®‚Äçüåæ,Education
j86Eu4pPMqc,https://www.youtube.com/watch?v=j86Eu4pPMqc,7 Essentials TIPS for Raising Chicks,Howto & Style
MaN8azNNvGM,https://www.youtube.com/watch?v=MaN8azNNvGM,4LZ-1.0X Full Feeding Combines Harvester #harvester #agriculture,People & Blogs
tgXZvBfh1Vc,https://www.youtube.com/watch?v=tgXZvBfh1Vc,How to Prepare Organic Pesticides   Year 2022,Education
DJ4iN6RTGDc,https://www.youtube.com/watch?v=DJ4iN6RTGDc,Cow milking by hand /Cow milking all animal health tips no1Cow milking by hand full video,Pets & Animals
YryXVjRHkqE,https://www.youtube.com/watch?v=YryXVjRHkqE,Using Artificial Intelligence to Design a Solar Farm,Science & Technology
LXQVDLUzNis,https://www.youtube.com/watch?v=LXQVDLUzNis,Pond Preparation And Pond Management Complete Guide 2022,Pets & Animals
9QiSWN7Tubo,https://www.youtube.com/watch?v=9QiSWN7Tubo,Rainwater Harvesting: Transform Your Farmland with Simple Techniques!,People & Blogs
OTU0yLbSm44,https://www.youtube.com/watch?v=OTU0yLbSm44,Transplanting Hydroponic Tomato Seedlings | CropKing Inc.,Education
9UUISYWXWP0,https://www.youtube.com/watch?v=9UUISYWXWP0,Composting Bedded Pack Manure with Jeff Endres,Education
ws__Wh5Wt0k,https://www.youtube.com/watch?v=ws__Wh5Wt0k,How farmer's in India's Sundarbans area are using climate smart agriculture,Science & Technology
lEsjL0gdX9I,https://www.youtube.com/watch?v=lEsjL0gdX9I,More than farmers' wives,Nonprofits & Activism
6Dl3_V1XfnM,https://www.youtube.com/watch?v=6Dl3_V1XfnM,Farmers tell their stories: Laser leveling of rice fields in Southeast Asia,Science & Technology
xAt40DqLmac,https://www.youtube.com/watch?v=xAt40DqLmac,Drought Conditions Hit Cattle Business,Nonprofits & Activism
6Reh7c2-ewI,https://www.youtube.com/watch?v=6Reh7c2-ewI,The 10 Elements of Agroecology: Enabling transitions to sustainable agriculture and food systems,Nonprofits & Activism
Kp_ijL_6u7s,https://www.youtube.com/watch?v=Kp_ijL_6u7s,Making Our Own Off-Grid Solar Grid | Off-Grid Solar Ep 1 | Terraform Together,People & Blogs
Ift3GPZBXyk,https://www.youtube.com/watch?v=Ift3GPZBXyk,Pesticide Storage | From the Ground Up,Education
VRQiPquTfS8,https://www.youtube.com/watch?v=VRQiPquTfS8,Amazing Banana Farming Techniques in Africa: The Science Behind Perfect Bananas! üöú‚ú®,People & Blogs
6-hf0L5CaWE,https://www.youtube.com/watch?v=6-hf0L5CaWE,#723  tractor wheel bearing repair [Davidsfarm],Autos & Vehicles
epxc7NRy55Y,https://www.youtube.com/watch?v=epxc7NRy55Y,The life cycle of Indian Agriculture so far! Let's get you through it,Education
IRtD-6fWLZY,https://www.youtube.com/watch?v=IRtD-6fWLZY,The Easiest Most Abundant Edible Plants to Grow in a Garden - Gardening in a Cold Climate,Education
jG_8wIY-VUw,https://www.youtube.com/watch?v=jG_8wIY-VUw,CONCRETE SIDING on a COOP | Chicken Coop PART - 7,Entertainment
Zk_SPAtCd8g,https://www.youtube.com/watch?v=Zk_SPAtCd8g,Best4Soil: Green Manures & Cover Crops ‚Äì Practical Information,Science & Technology
lrZnobPgGPE,https://www.youtube.com/watch?v=lrZnobPgGPE,Year Round Grazing Saving Ranches,Science & Technology
vysZMyvDF1Y,https://www.youtube.com/watch?v=vysZMyvDF1Y,Mechanical methods of weed control,Education
kOql5DuxAls,https://www.youtube.com/watch?v=kOql5DuxAls,Potatoes For Profit: The Pros And Cons of Potato Farming | EP 132,Entertainment
qS5LjnVnf9w,https://www.youtube.com/watch?v=qS5LjnVnf9w,Grain Storage | Storage Hygiene and Structural Treatments,Science & Technology
A0ZQL3U60qw,https://www.youtube.com/watch?v=A0ZQL3U60qw,Bluetongue virus of ruminants,Science & Technology
cvl4WAXSdig,https://www.youtube.com/watch?v=cvl4WAXSdig,Heavy Duty Combined Cleaning (sifter) Integrated Flour mill Machine EPC provider: www.immy.cn,Science & Technology
Z01dfV0B2ZU,https://www.youtube.com/watch?v=Z01dfV0B2ZU,Sanjun Gu Grafting Farmers Forum Presentation 2012,Education
EV2kCEapzCc,https://www.youtube.com/watch?v=EV2kCEapzCc,Smart Irrigation Systems: Boosting Yields While Saving Water!,People & Blogs
6Y0Q4W2M7bg,https://www.youtube.com/watch?v=6Y0Q4W2M7bg,Building a MASSIVE Bass Pond on a Goat Farm!,Sports
b4jnabT3Vf0,https://www.youtube.com/watch?v=b4jnabT3Vf0,#Webinar: Moving towards water-sustainable agriculture,Nonprofits & Activism
spDJNIig6zY,https://www.youtube.com/watch?v=spDJNIig6zY,Feed and rations for backgrounding Nov 2020,Education
6RvuDzfcuKc,https://www.youtube.com/watch?v=6RvuDzfcuKc,Rain Water Collection System,Howto & Style
GxD_VtR3-HM,https://www.youtube.com/watch?v=GxD_VtR3-HM,Pulses - Celebrating a Powerful Superfood,Science & Technology
KUesjAxQgSw,https://www.youtube.com/watch?v=KUesjAxQgSw,Class explores cover crops in ag systems,Education
RtIc8t9R3yY,https://www.youtube.com/watch?v=RtIc8t9R3yY,How to Feed Your Worm Farm | Smash it Down & Add Some Browns!,People & Blogs
z9ldLnidFTk,https://www.youtube.com/watch?v=z9ldLnidFTk,The famous farm - Nuwakot - Nepal,Travel & Events
1nvbxchVv_I,https://www.youtube.com/watch?v=1nvbxchVv_I,Seeding Tomatoes,Education
_hGceOj6uZ4,https://www.youtube.com/watch?v=_hGceOj6uZ4,GROOVE YOUR TIRES & IMPROVE TRACTION: DIY FIX REALLY WORKS,Education
7ikyo370D4Q,https://www.youtube.com/watch?v=7ikyo370D4Q,The ONLY Garden Planting Schedule You‚Äôll EVER Need,Howto & Style
hNmp-mt3L8U,https://www.youtube.com/watch?v=hNmp-mt3L8U,Planting wheat  with Oliver 77 and an Oliver Superior grain drill for the 2021 FARM club show,Autos & Vehicles
tbUVNBSwyLQ,https://www.youtube.com/watch?v=tbUVNBSwyLQ,Rice-growing time-lapse--112-day growth cycle in 1 minute 10 seconds,Education
3r-YSMX76wI,https://www.youtube.com/watch?v=3r-YSMX76wI,Rice Harvesting: Field to Machine,People & Blogs
G-WCoZa53xk,https://www.youtube.com/watch?v=G-WCoZa53xk,OFF-GRID GARDEN WATERING SYSTEM | Tank Set Up,Entertainment
QFmZW4BkHGo,https://www.youtube.com/watch?v=QFmZW4BkHGo,Cleaning The Stable | Feeding Cows With Hay,Howto & Style
KczMCDPJkks,https://www.youtube.com/watch?v=KczMCDPJkks,Preparing Your Garden for the Growing Season,Education
lSM9BedUtN0,https://www.youtube.com/watch?v=lSM9BedUtN0,Farm & Outdoors: Chainsaw Maintenance & Safety,Education
LdkkKCaMKrs,https://www.youtube.com/watch?v=LdkkKCaMKrs,Harvesting Sunflowers seed,Howto & Style
IA0WPd0TMPs,https://www.youtube.com/watch?v=IA0WPd0TMPs,The Benefits of Crop Rotations (Hall 2/6),Science & Technology
NoBveFNQ4LU,https://www.youtube.com/watch?v=NoBveFNQ4LU,Hurricane - Livestock Preparation Before the Storm,Education
xh9BPx8uvqs,https://www.youtube.com/watch?v=xh9BPx8uvqs,Hello Reversible Air Impact Wrench!,Autos & Vehicles
sV3XQNjBNxM,https://www.youtube.com/watch?v=sV3XQNjBNxM,Improving rice quality,Science & Technology
eKuf0fLpCos,https://www.youtube.com/watch?v=eKuf0fLpCos,Backgrounding feeds and rations Fall 2021,Education
bMlplARAjdQ,https://www.youtube.com/watch?v=bMlplARAjdQ,Hydroponics 101: What we grow | CropKing Inc.,Education
melP6QGp3lk,https://www.youtube.com/watch?v=melP6QGp3lk,Drip Irrigation: Water Conservation and Produce Safety Video,Education
4WxZUseQRRA,https://www.youtube.com/watch?v=4WxZUseQRRA,Backgrounding Cattle #1- Feeding calves in a declining market with Tim Petry.,Education
Lcp0jlJNxXs,https://www.youtube.com/watch?v=Lcp0jlJNxXs,PACK EXPO International 2022,Education
SdE6AaTZ9IQ,https://www.youtube.com/watch?v=SdE6AaTZ9IQ,Moving Pigs Before the Storm! @UncleTimsFarm,Howto & Style
3yPD-w6Ubhk,https://www.youtube.com/watch?v=3yPD-w6Ubhk,Training Video (Safe use of Pesticides),Education
YiIPn9S8u8o,https://www.youtube.com/watch?v=YiIPn9S8u8o,Intelligent Agricultural Irrigation System,Science & Technology
OeUiGkk1ccA,https://www.youtube.com/watch?v=OeUiGkk1ccA,Safety on outback stations - A snapshot of the Northern Territory's cattle industry,Education
quqH4VjCddY,https://www.youtube.com/watch?v=quqH4VjCddY,Harvest to Market: Peanuts & Peaches #1,People & Blogs
2cl7f6fluKE,https://www.youtube.com/watch?v=2cl7f6fluKE,Weed-Control Machines - Crossroad Farm Fairlee VT,Education
dp4ercv0Cq0,https://www.youtube.com/watch?v=dp4ercv0Cq0,SNOW PLOW VS SNOW PUSHER: WHICH ONE IS RIGHT FOR YOU? üë®‚Äçüåæüöú‚ùÑ,Education
2oprrR-HHlg,https://www.youtube.com/watch?v=2oprrR-HHlg,üåßÔ∏è Monsoon in India ‚Äì A Climatic Lifeline Explained! üåæ,Education
itVLE86mHmI,https://www.youtube.com/watch?v=itVLE86mHmI,ATV/UTV Log handling system #welding #weld #logging #trailer,People & Blogs
sJCgXsT0ha4,https://www.youtube.com/watch?v=sJCgXsT0ha4,No-Tillage Farming,Education
dUUG_BgEhiw,https://www.youtube.com/watch?v=dUUG_BgEhiw,THE 'Why' behind Rotational Grazing,Science & Technology
HeFmQ9UD2FA,https://www.youtube.com/watch?v=HeFmQ9UD2FA,JADAM Organic PEST and DISEASE CONTROL POWERFUL DIY Solutions..,Science & Technology
wmbeZjwD77w,https://www.youtube.com/watch?v=wmbeZjwD77w,"A day in the life of a ""YouTube Farmer"" it's not as easy as it looks!",Autos & Vehicles
2d_kM7W6E9M,https://www.youtube.com/watch?v=2d_kM7W6E9M,Sil√°≈æe v Z√°vidkovic√≠ch - Claas Jaguar 860 Traktory Deutz-Fahr John Deere a New Holland,Autos & Vehicles
DaGciRZooRs,https://www.youtube.com/watch?v=DaGciRZooRs,Unlock the Secrets to Thriving Rice Harvests! üåæ,People & Blogs
R68dEmNWDiQ,https://www.youtube.com/watch?v=R68dEmNWDiQ,‡≤ï‡≥Ü‡≤∞‡≥Ü ‡≤§‡≥Å‡≤Ç‡≤¨‡≤ø‡≤∏‡≥Å‡≤µ ‡≤Ø‡≥ã‡≤ú‡≤®‡≥Ü‡≤ó‡≤≥‡≤ø‡≤ó‡≥Ü ‡≤ö‡≤æ‡≤≤‡≤®‡≥Ü | Steps taken to alleviate water scarcity in open areas,News & Politics
774-NJlceJQ,https://www.youtube.com/watch?v=774-NJlceJQ,Manufacturing and Business Protocols for Goats Milk Soap Penny Adler SD,Education
B5heMtaWC9g,https://www.youtube.com/watch?v=B5heMtaWC9g,Mixing feed for 120 cows,People & Blogs
JpFbcnOan6I,https://www.youtube.com/watch?v=JpFbcnOan6I,Wet Rice From Seed To Harvest Process - Amazing Modern Asia Agriculture Technology -,Science & Technology
qIE_JpPEJwU,https://www.youtube.com/watch?v=qIE_JpPEJwU,Farm Work with Livestock A Day on the Farm,People & Blogs
UR3d2JRuTA4,https://www.youtube.com/watch?v=UR3d2JRuTA4,Cotton weaving a better future together,News & Politics
s4M9DXEj_Uw,https://www.youtube.com/watch?v=s4M9DXEj_Uw,Field to Fork 2019: Best Management Practices to Produce More Potatoes,Education
oNTEmxF09qQ,https://www.youtube.com/watch?v=oNTEmxF09qQ,How to Make a Powerful JADAM Natural Pesticide by mixing JWA+JS+JHS for Gardeners. Homemade,Science & Technology
WtLYme-Lzms,https://www.youtube.com/watch?v=WtLYme-Lzms,2022 Fruit School - Strawberry Weed Management,Education
bI6CBnQVHMU,https://www.youtube.com/watch?v=bI6CBnQVHMU,Indigenous food systems biocultural heritage and the SDGs (session four),Nonprofits & Activism
QWzaZ5QRJwo,https://www.youtube.com/watch?v=QWzaZ5QRJwo,David Forster -- Introduction to Soil Minerals,Nonprofits & Activism
ko8mGEpLITc,https://www.youtube.com/watch?v=ko8mGEpLITc,washid welding workshop 9719718400,Science & Technology
c_iYv3eGLY4,https://www.youtube.com/watch?v=c_iYv3eGLY4,The Essential Guide to Wheat Barley and Oats in Farming Simulator 25,Gaming
lH78XP8knMA,https://www.youtube.com/watch?v=lH78XP8knMA,Pig Farming for Beginners (MUST WATCH),Pets & Animals
ucqa1MNbi6k,https://www.youtube.com/watch?v=ucqa1MNbi6k,Corn harvester right in the field the daily life of farmers #farm #dailylife harvester,Entertainment
4Vonm8SfMi4,https://www.youtube.com/watch?v=4Vonm8SfMi4,GOVERNMENT LIES!!TRESPASSING!  SPRAYING PESTICIDE ON ME FROM THE AIR!! IN MY ORGANIC GARDEN!,People & Blogs
pEkzJCcF_9E,https://www.youtube.com/watch?v=pEkzJCcF_9E,RED Chili Peppers Revealed: Exotic Varieties and Growing Tips for Pepper Enthusiasts! üå∂Ô∏èüå±,Education
OOAA97eQcBM,https://www.youtube.com/watch?v=OOAA97eQcBM,Farm machinery investment and replacement,Science & Technology
CTxJSLWehzY,https://www.youtube.com/watch?v=CTxJSLWehzY,HOW TO GROW GARLIC üßÑ | The Ultimate Guide To Grow Garlic in COLD SEASON,Education
vl30tK6SpTo,https://www.youtube.com/watch?v=vl30tK6SpTo,How to Take Care of My Cows Daily Routine for Top Care,People & Blogs
AJtBYkGtXF8,https://www.youtube.com/watch?v=AJtBYkGtXF8,Smart Farming: The Future of Water Conservation,People & Blogs
317cg2Gl4Ng,https://www.youtube.com/watch?v=317cg2Gl4Ng,Behind the Weld: Retired Boilermaker John Tracey Reflects on His Time at Delmade,People & Blogs
QYhTkwfnnhY,https://www.youtube.com/watch?v=QYhTkwfnnhY,FAQ - How do you find the seeding rate for different cover crops?,Education
8E2pe2z7ErQ,https://www.youtube.com/watch?v=8E2pe2z7ErQ,Growing Hot Peppers,Entertainment
nutmH74t_tM,https://www.youtube.com/watch?v=nutmH74t_tM,Understanding Pesticide Labels | From the ground Up,Education
hKOxTGb2_Zs,https://www.youtube.com/watch?v=hKOxTGb2_Zs,Challenges confronting farming in Africa,Science & Technology
yI7KhSKclTM,https://www.youtube.com/watch?v=yI7KhSKclTM,TILLING A GARDEN IN VIRGIN GROUND WITH A SUBCOMPACT TRACTOR,Education
Ou4EIle6Zg4,https://www.youtube.com/watch?v=Ou4EIle6Zg4,Winter Is Coming | What we're planting now to eat in January,Education
LjyNtv5zc2c,https://www.youtube.com/watch?v=LjyNtv5zc2c,Farmers benefit with sustainable agricultural practices,Nonprofits & Activism
ycj-B3F7xn4,https://www.youtube.com/watch?v=ycj-B3F7xn4,How to grow Giant Ceasar Lettuce,Entertainment
lCx7vNuAn0w,https://www.youtube.com/watch?v=lCx7vNuAn0w,Daily Life Episode 29 Building a Farm  Starting a New Journey,People & Blogs
MBcnaRmbANA,https://www.youtube.com/watch?v=MBcnaRmbANA,35 Simple and Appropriate Agricultural Tools and Machines That Are Very Useful,People & Blogs
X6JkQB87cnc,https://www.youtube.com/watch?v=X6JkQB87cnc,Delta Talks #4: Farmer options for crops under saline conditions in the Mekong River Delta Vietnam,Nonprofits & Activism
dX8oI5Pq4Jg,https://www.youtube.com/watch?v=dX8oI5Pq4Jg,Plant These 8 Perennial Vegetables to Get a Harvest Each Year #shorts,Education
MJ4bEiydgD4,https://www.youtube.com/watch?v=MJ4bEiydgD4,How to control weeds in wheat |weeds control in wheat,People & Blogs
4JrMccPvQ4c,https://www.youtube.com/watch?v=4JrMccPvQ4c,1st aeroponic Tower Farm located in Italy,Education
L7qGADzUwx8,https://www.youtube.com/watch?v=L7qGADzUwx8,Seasons 19 Crop Rotation Planner How To,Gaming
Od7PWcMJDtw,https://www.youtube.com/watch?v=Od7PWcMJDtw,Restoring MASSIVE Tractor Tires,Howto & Style
E6pjj2gVnWA,https://www.youtube.com/watch?v=E6pjj2gVnWA,Water Scarcity - explained in a nutshell,Education
__KlJrj-TcA,https://www.youtube.com/watch?v=__KlJrj-TcA,Farm work - Combine Harvester and Tractor They work hard | Fairy tale about Farmers - Bazylland,Education
v1kQdCvqx9M,https://www.youtube.com/watch?v=v1kQdCvqx9M,Jackson's Irrigation Install | Kid Farmers,People & Blogs
4YyiojlzF54,https://www.youtube.com/watch?v=4YyiojlzF54,Mob Grazing Sandy Smart SD,Education
hUmxWiac1NE,https://www.youtube.com/watch?v=hUmxWiac1NE,Quick Guide on Growing SERRANO PEPPER (Capsicum annuum): Planting & Care Tips!,Education
kqFxX0W53sE,https://www.youtube.com/watch?v=kqFxX0W53sE,GUIDE TO TRACTOR PALLET FORKS.  WHAT SIZE PALLET FORKS? üöú,Education
tHL7uo587Dw,https://www.youtube.com/watch?v=tHL7uo587Dw,Nepal Today [Episode_71],Nonprofits & Activism
bGIb9LJfAvM,https://www.youtube.com/watch?v=bGIb9LJfAvM,Minecraft - Automatic Wheat Farm Tutorial,Gaming
mhejiRMAnG4,https://www.youtube.com/watch?v=mhejiRMAnG4,Drought in the United States,News & Politics
xkzkrlBrovc,https://www.youtube.com/watch?v=xkzkrlBrovc,Sprinkler System Install - Overview,Howto & Style
YWK8yUVc5yk,https://www.youtube.com/watch?v=YWK8yUVc5yk,K-Rain Indexing Valves,Howto & Style
WmrzzR5qKOs,https://www.youtube.com/watch?v=WmrzzR5qKOs,Happy Harvests part 1,Education
VhmcP-ydDEI,https://www.youtube.com/watch?v=VhmcP-ydDEI,"The Essential Guide to Self-Sufficiency: Cultivating Your Survival Garden""**",Howto & Style
It9SgQ0-TAo,https://www.youtube.com/watch?v=It9SgQ0-TAo,Discover A NEW Superfood ‚Äì How Do YOU Lentil?,People & Blogs
VdhrQYdz4rM,https://www.youtube.com/watch?v=VdhrQYdz4rM,Harvest & count a Turing's sunflower,Education
fSEtiixgRJI,https://www.youtube.com/watch?v=fSEtiixgRJI,What is Regenerative Agriculture?,Education
PFj6Be9LKBY,https://www.youtube.com/watch?v=PFj6Be9LKBY,Checking in on the Chickens in their New Coop,Film & Animation
BRZp9Heepuk,https://www.youtube.com/watch?v=BRZp9Heepuk,Sugarcane peeling machine,People & Blogs
Kxw6kgNXgho,https://www.youtube.com/watch?v=Kxw6kgNXgho,WHAT RPM TO RUN YOUR TRACTOR? IT‚ÄôS COMPLICATED,Education
hUyWBvmoch0,https://www.youtube.com/watch?v=hUyWBvmoch0,Daily routine as a farmer #farmer,People & Blogs
phrzOoTANSE,https://www.youtube.com/watch?v=phrzOoTANSE,A Regular Day with Endless Tasks on the Farm,People & Blogs
TverEFmJJN8,https://www.youtube.com/watch?v=TverEFmJJN8,Introduction to TABASCO PEPPER: Plant Profile! (Capsicum frutescens),Education
X7SCBEKD0iI,https://www.youtube.com/watch?v=X7SCBEKD0iI,Sunflower Harvesting Machine - How to harvest and processing sunflower seeds,Science & Technology
f3kuTkyTQiY,https://www.youtube.com/watch?v=f3kuTkyTQiY,Tomato Seedling Potting: How to Repot for Thriving Growth!,People & Blogs
DxzL6CSktjk,https://www.youtube.com/watch?v=DxzL6CSktjk,PLANTING PEANUTS SPRING 2020,People & Blogs
rstUbflFTuE,https://www.youtube.com/watch?v=rstUbflFTuE,Adapting Farming Practices To The Regional Environment | Resilient Farms in Germany,People & Blogs
voUTQmj2bSo,https://www.youtube.com/watch?v=voUTQmj2bSo,Homemade automatic irrigation system,Science & Technology
b_hR3ZarRjc,https://www.youtube.com/watch?v=b_hR3ZarRjc,üöú A Day in the Life of a Farmer ‚Äì Is Livestock Farming Really Easy?,People & Blogs
2brOwfWSOEE,https://www.youtube.com/watch?v=2brOwfWSOEE,A day in farmer's life,People & Blogs
lUP7s9P_fjE,https://www.youtube.com/watch?v=lUP7s9P_fjE,AGventure Awaits - Walking in High Cotton,Education
2p0-xmxnx6E,https://www.youtube.com/watch?v=2p0-xmxnx6E,How to harvest and processing sunflower seeds | Agriculture Technology,Science & Technology
iOzh8WNbuCs,https://www.youtube.com/watch?v=iOzh8WNbuCs,Cows Are Return Home in monsoon. No Copyright Stock Footages,Travel & Events
dmnBrbg3fvQ,https://www.youtube.com/watch?v=dmnBrbg3fvQ,HOW I GOT $50000 IN GRANTS TO FUND MY BACKYARD FARM!,People & Blogs
K_wkWEuZ2a0,https://www.youtube.com/watch?v=K_wkWEuZ2a0,TINY TRACTOR TINY FARM: JOHN DEERE 1025R IS KILLIN' IT! üòéüöú,Education
9V_2tO04ufQ,https://www.youtube.com/watch?v=9V_2tO04ufQ,Our Morning Farm Routine With Horses Goats And Other Animals,People & Blogs
nKIgff84n3Y,https://www.youtube.com/watch?v=nKIgff84n3Y,kohl FAQ bedding patterns in beef barns,Education
Z2-8Nz3IOxs,https://www.youtube.com/watch?v=Z2-8Nz3IOxs,Nepal Today [Episode_69],Nonprofits & Activism
XnqrMnNfupM,https://www.youtube.com/watch?v=XnqrMnNfupM,OGH - Installing Off Grid Submersible Solar Water Pump for our Developed Spring,People & Blogs
1YSbxtaE4cA,https://www.youtube.com/watch?v=1YSbxtaE4cA,6 Tips for Backyard Permaculture,Howto & Style
CSHJUN9DByk,https://www.youtube.com/watch?v=CSHJUN9DByk,Nuseed U.S. & Canada - Tips for a Smooth Sunflower Harvest (Aug '21),People & Blogs
OBwGyIW8uGA,https://www.youtube.com/watch?v=OBwGyIW8uGA,Harvesting Machines Compilation,Science & Technology
FM2T_2cB590,https://www.youtube.com/watch?v=FM2T_2cB590,6 Gardening Tips and Trick for Beginners,Education
pD6RDuRMDv4,https://www.youtube.com/watch?v=pD6RDuRMDv4,May Garden Prep Guide: Essential Tips for Preparing Your Garden for Planting,People & Blogs
AxNvf5wyNNM,https://www.youtube.com/watch?v=AxNvf5wyNNM,Contact Grafting on Pumpkin Vine Technique | Japanese Pumpkin Grafting Technology | @NoalFarms,Science & Technology
5D0L9WMW84c,https://www.youtube.com/watch?v=5D0L9WMW84c,Agriculture Technology üöú üíª #agriculturetechnology #farm #agriculture #shorts,People & Blogs
qaY5jYmYIGE,https://www.youtube.com/watch?v=qaY5jYmYIGE,Off Grid-solar and wind set up,People & Blogs
JwyjISk0G3o,https://www.youtube.com/watch?v=JwyjISk0G3o,IS THIS REALLY BETTER THAN A TILLER? A DISC THAT‚ÄôS MADE IN THE USA!,Education
fpSXD3jH4c4,https://www.youtube.com/watch?v=fpSXD3jH4c4,HOW TO GET FREE STRUTHIOMIMUS|| HARVEST SEASON NEW SPECIAL EVENT|| Jurassic World The Game,Gaming
J1lYHTz5J6E,https://www.youtube.com/watch?v=J1lYHTz5J6E,Nuseed U.S. & Canada - Sunflower Harvest Combine Seed Pour,People & Blogs
8hPhiUaUf8E,https://www.youtube.com/watch?v=8hPhiUaUf8E,Negative six degrees greenhouse update video for February 2019,Education
NntHFwr5GHY,https://www.youtube.com/watch?v=NntHFwr5GHY,Larger solar setup,People & Blogs
NxqDxIBmf4A,https://www.youtube.com/watch?v=NxqDxIBmf4A,Unknown Title,Unknown Category
Uux9sxPl6Oo,https://www.youtube.com/watch?v=Uux9sxPl6Oo,Unknown Title,Unknown Category
XAocRrqMggk,https://www.youtube.com/watch?v=XAocRrqMggk,Unknown Title,Unknown Category
iNVk0Pb8zMw,https://www.youtube.com/watch?v=iNVk0Pb8zMw,Unknown Title,Unknown Category
GQBjmOz6_i4,https://www.youtube.com/watch?v=GQBjmOz6_i4,Unknown Title,Unknown Category
5xe03SHh8SE,https://www.youtube.com/watch?v=5xe03SHh8SE,Unknown Title,Unknown Category
hONwnF8guYs,https://www.youtube.com/watch?v=hONwnF8guYs,Unknown Title,Unknown Category
hfFdtToCypo,https://www.youtube.com/watch?v=hfFdtToCypo,Unknown Title,Unknown Category
KYaVIzvUKl4,https://www.youtube.com/watch?v=KYaVIzvUKl4,Unknown Title,Unknown Category
TrvSPa8-Oro,https://www.youtube.com/watch?v=TrvSPa8-Oro,Unknown Title,Unknown Category
Lws9_mrweYM,https://www.youtube.com/watch?v=Lws9_mrweYM,Unknown Title,Unknown Category
BjG5GveRr98,https://www.youtube.com/watch?v=BjG5GveRr98,Unknown Title,Unknown Category
bNuQB_DwnXs,https://www.youtube.com/watch?v=bNuQB_DwnXs,Unknown Title,Unknown Category
XjlrowuzAuY,https://www.youtube.com/watch?v=XjlrowuzAuY,Unknown Title,Unknown Category
tv2Q83lplG0,https://www.youtube.com/watch?v=tv2Q83lplG0,Unknown Title,Unknown Category
KyMzwu2cs3g,https://www.youtube.com/watch?v=KyMzwu2cs3g,Unknown Title,Unknown Category
v9CPaL6vz7g,https://www.youtube.com/watch?v=v9CPaL6vz7g,Unknown Title,Unknown Category
9MFJWkxJj7g,https://www.youtube.com/watch?v=9MFJWkxJj7g,Unknown Title,Unknown Category
isZFehOBoEo,https://www.youtube.com/watch?v=isZFehOBoEo,N18. Rice Growing,Education
pB8BTqxDJdw,https://www.youtube.com/watch?v=pB8BTqxDJdw,Unknown Title,Unknown Category
HeZUAPpKuBQ,https://www.youtube.com/watch?v=HeZUAPpKuBQ,Unknown Title,Unknown Category
-MKt3Eq3-s0,https://www.youtube.com/watch?v=-MKt3Eq3-s0,Unknown Title,Unknown Category
e2pJO_dSbnA,https://www.youtube.com/watch?v=e2pJO_dSbnA,Unknown Title,Unknown Category
prT5NJgw1rU,https://www.youtube.com/watch?v=prT5NJgw1rU,Unknown Title,Unknown Category
j870IDAhxsk,https://www.youtube.com/watch?v=j870IDAhxsk,Unknown Title,Unknown Category
-alkOUaAFwo,https://www.youtube.com/watch?v=-alkOUaAFwo,Unknown Title,Unknown Category
JU_SWOTiR3k,https://www.youtube.com/watch?v=JU_SWOTiR3k,Unknown Title,Unknown Category
BLb1kFmtsLY,https://www.youtube.com/watch?v=BLb1kFmtsLY,Unknown Title,Unknown Category
CAyRKq_C4eQ,https://www.youtube.com/watch?v=CAyRKq_C4eQ,Farm Machine Safety: Fueling and Daily Maintenance Safety,Education
F4_KCvcXw5k,https://www.youtube.com/watch?v=F4_KCvcXw5k,Unknown Title,Unknown Category
RTbVw9GZfws,https://www.youtube.com/watch?v=RTbVw9GZfws,Unknown Title,Unknown Category
pg4vJ_fFw6M,https://www.youtube.com/watch?v=pg4vJ_fFw6M,Unknown Title,Unknown Category
Qs8OMOQ-UsI,https://www.youtube.com/watch?v=Qs8OMOQ-UsI,Unknown Title,Unknown Category
itPKpXpIaL4,https://www.youtube.com/watch?v=itPKpXpIaL4,Unknown Title,Unknown Category
flP2ogyRDMM,https://www.youtube.com/watch?v=flP2ogyRDMM,Unknown Title,Unknown Category
AWHS_aIzyHA,https://www.youtube.com/watch?v=AWHS_aIzyHA,Unknown Title,Unknown Category
ZOIOIsDkKxk,https://www.youtube.com/watch?v=ZOIOIsDkKxk,Unknown Title,Unknown Category
mBz2RuQcbMs,https://www.youtube.com/watch?v=mBz2RuQcbMs,Unknown Title,Unknown Category
GRE0avyjU0Q,https://www.youtube.com/watch?v=GRE0avyjU0Q,Unknown Title,Unknown Category
w6LFUsW8nbw,https://www.youtube.com/watch?v=w6LFUsW8nbw,Unknown Title,Unknown Category
lzS666BrwuM,https://www.youtube.com/watch?v=lzS666BrwuM,Unknown Title,Unknown Category
E3LVDfV8sMg,https://www.youtube.com/watch?v=E3LVDfV8sMg,Unknown Title,Unknown Category
AtxlK58wQfA,https://www.youtube.com/watch?v=AtxlK58wQfA,Unknown Title,Unknown Category
BUskYTgO4GM,https://www.youtube.com/watch?v=BUskYTgO4GM,Unknown Title,Unknown Category
u7E1Lgmbioc,https://www.youtube.com/watch?v=u7E1Lgmbioc,Unknown Title,Unknown Category
e_vq0ZNDcb4,https://www.youtube.com/watch?v=e_vq0ZNDcb4,Unknown Title,Unknown Category
n3amNPpV-mA,https://www.youtube.com/watch?v=n3amNPpV-mA,Unknown Title,Unknown Category
hZffK2Z1EO0,https://www.youtube.com/watch?v=hZffK2Z1EO0,Unknown Title,Unknown Category
T7jX41rjdXE,https://www.youtube.com/watch?v=T7jX41rjdXE,"""Automated Seeders: Revolutionizing Planting with Super Seeders and Robots""",People & Blogs
f-8OYBROKls,https://www.youtube.com/watch?v=f-8OYBROKls,Unknown Title,Unknown Category
vsSRA4zJ6QE,https://www.youtube.com/watch?v=vsSRA4zJ6QE,Unknown Title,Unknown Category
I_LG0YmXMsA,https://www.youtube.com/watch?v=I_LG0YmXMsA,Unknown Title,Unknown Category
qCewgdCVzTk,https://www.youtube.com/watch?v=qCewgdCVzTk,Unknown Title,Unknown Category
qG2X0BuVWJ4,https://www.youtube.com/watch?v=qG2X0BuVWJ4,Unknown Title,Unknown Category
ruu7XPqeLXM,https://www.youtube.com/watch?v=ruu7XPqeLXM,Unknown Title,Unknown Category
AC7GaBv3bYk,https://www.youtube.com/watch?v=AC7GaBv3bYk,Unknown Title,Unknown Category
tXdM9yLoHLk,https://www.youtube.com/watch?v=tXdM9yLoHLk,Unknown Title,Unknown Category
6mAhZqLnTts,https://www.youtube.com/watch?v=6mAhZqLnTts,Unknown Title,Unknown Category
XU9IGKlvOrc,https://www.youtube.com/watch?v=XU9IGKlvOrc,Unknown Title,Unknown Category
ZpcjNMUmM9c,https://www.youtube.com/watch?v=ZpcjNMUmM9c,Unknown Title,Unknown Category
5Mx_5BXvWL4,https://www.youtube.com/watch?v=5Mx_5BXvWL4,Unknown Title,Unknown Category
43UWkFfZgsk,https://www.youtube.com/watch?v=43UWkFfZgsk,Unknown Title,Unknown Category
-yhWEkXqVR0,https://www.youtube.com/watch?v=-yhWEkXqVR0,Unknown Title,Unknown Category
v7GZ9SOs5sI,https://www.youtube.com/watch?v=v7GZ9SOs5sI,Unknown Title,Unknown Category
pgdDDM30ALw,https://www.youtube.com/watch?v=pgdDDM30ALw,Unknown Title,Unknown Category
6_AKq1_d6nw,https://www.youtube.com/watch?v=6_AKq1_d6nw,Unknown Title,Unknown Category
fiy-LYv5ovM,https://www.youtube.com/watch?v=fiy-LYv5ovM,Unknown Title,Unknown Category
am1Q2GWds0g,https://www.youtube.com/watch?v=am1Q2GWds0g,Unknown Title,Unknown Category
NvLJ2VPZUxg,https://www.youtube.com/watch?v=NvLJ2VPZUxg,Unknown Title,Unknown Category
8gKlXtWRbQ8,https://www.youtube.com/watch?v=8gKlXtWRbQ8,Unknown Title,Unknown Category
WI9ifHzr0mg,https://www.youtube.com/watch?v=WI9ifHzr0mg,Unknown Title,Unknown Category
6I4CE4382Mc,https://www.youtube.com/watch?v=6I4CE4382Mc,Unknown Title,Unknown Category
3iH7QQYx2Xw,https://www.youtube.com/watch?v=3iH7QQYx2Xw,Unknown Title,Unknown Category
i7orLHQCOOc,https://www.youtube.com/watch?v=i7orLHQCOOc,Unknown Title,Unknown Category
kAoQ48ORjn4,https://www.youtube.com/watch?v=kAoQ48ORjn4,Unknown Title,Unknown Category
b8QI5txu7ck,https://www.youtube.com/watch?v=b8QI5txu7ck,Unknown Title,Unknown Category
HuZUX0aEhxA,https://www.youtube.com/watch?v=HuZUX0aEhxA,Unknown Title,Unknown Category
TWkjgNkyi60,https://www.youtube.com/watch?v=TWkjgNkyi60,Unknown Title,Unknown Category
XSOCNzV1hhM,https://www.youtube.com/watch?v=XSOCNzV1hhM,Unknown Title,Unknown Category
cbDVClciCSs,https://www.youtube.com/watch?v=cbDVClciCSs,Unknown Title,Unknown Category
uiWBgpVFl-I,https://www.youtube.com/watch?v=uiWBgpVFl-I,Unknown Title,Unknown Category
1VNr2AyJ71w,https://www.youtube.com/watch?v=1VNr2AyJ71w,Unknown Title,Unknown Category
rYO3q1rUT_c,https://www.youtube.com/watch?v=rYO3q1rUT_c,Unknown Title,Unknown Category
TP-sYhZMqCE,https://www.youtube.com/watch?v=TP-sYhZMqCE,Unknown Title,Unknown Category
WDTFXjMH-7E,https://www.youtube.com/watch?v=WDTFXjMH-7E,Unknown Title,Unknown Category
nNi-mWj1rpE,https://www.youtube.com/watch?v=nNi-mWj1rpE,Unknown Title,Unknown Category
z2mCrBttkM4,https://www.youtube.com/watch?v=z2mCrBttkM4,Unknown Title,Unknown Category
JwlmFQ1npeY,https://www.youtube.com/watch?v=JwlmFQ1npeY,Unknown Title,Unknown Category
AwIkdOiOD_E,https://www.youtube.com/watch?v=AwIkdOiOD_E,Unknown Title,Unknown Category
k_G-2OTf-tY,https://www.youtube.com/watch?v=k_G-2OTf-tY,Unknown Title,Unknown Category
xp5OMWZyZhk,https://www.youtube.com/watch?v=xp5OMWZyZhk,Unknown Title,Unknown Category
G-PVYT7a17U,https://www.youtube.com/watch?v=G-PVYT7a17U,Unknown Title,Unknown Category
TaooW-zT4b8,https://www.youtube.com/watch?v=TaooW-zT4b8,Unknown Title,Unknown Category
oe8DZEwyxvU,https://www.youtube.com/watch?v=oe8DZEwyxvU,Unknown Title,Unknown Category
mgk3j14Vi0w,https://www.youtube.com/watch?v=mgk3j14Vi0w,Unknown Title,Unknown Category
9Z-TDPkxhPU,https://www.youtube.com/watch?v=9Z-TDPkxhPU,Unknown Title,Unknown Category
uNsLUH4kiiE,https://www.youtube.com/watch?v=uNsLUH4kiiE,Unknown Title,Unknown Category
fIICl8s1nxs,https://www.youtube.com/watch?v=fIICl8s1nxs,Unknown Title,Unknown Category
VFdMKznk8CY,https://www.youtube.com/watch?v=VFdMKznk8CY,Unknown Title,Unknown Category
g_gEKg8FptE,https://www.youtube.com/watch?v=g_gEKg8FptE,Unknown Title,Unknown Category
v_u-8kJDkWQ,https://www.youtube.com/watch?v=v_u-8kJDkWQ,Unknown Title,Unknown Category
TORDtwgBt30,https://www.youtube.com/watch?v=TORDtwgBt30,Unknown Title,Unknown Category
LK0yLEEq5lk,https://www.youtube.com/watch?v=LK0yLEEq5lk,Unknown Title,Unknown Category
0e0cjhRC-RU,https://www.youtube.com/watch?v=0e0cjhRC-RU,Unknown Title,Unknown Category
ArmeleGhEdQ,https://www.youtube.com/watch?v=ArmeleGhEdQ,Unknown Title,Unknown Category
Q1-nz4hHCGI,https://www.youtube.com/watch?v=Q1-nz4hHCGI,Unknown Title,Unknown Category
-kQvHQkIEY0,https://www.youtube.com/watch?v=-kQvHQkIEY0,Unknown Title,Unknown Category
H995h_tDOHI,https://www.youtube.com/watch?v=H995h_tDOHI,Unknown Title,Unknown Category
Hyru1bB9Cxk,https://www.youtube.com/watch?v=Hyru1bB9Cxk,Unknown Title,Unknown Category
q_ovvNLFzsk,https://www.youtube.com/watch?v=q_ovvNLFzsk,Unknown Title,Unknown Category
ONLJqrpkvm0,https://www.youtube.com/watch?v=ONLJqrpkvm0,Unknown Title,Unknown Category
ZHH0odgXBXI,https://www.youtube.com/watch?v=ZHH0odgXBXI,Unknown Title,Unknown Category
hXYoEbCPzGU,https://www.youtube.com/watch?v=hXYoEbCPzGU,Unknown Title,Unknown Category
ekx2XcYxVxQ,https://www.youtube.com/watch?v=ekx2XcYxVxQ,Unknown Title,Unknown Category
pxBNWvqaEJQ,https://www.youtube.com/watch?v=pxBNWvqaEJQ,Unknown Title,Unknown Category
3Zadt1abGS0,https://www.youtube.com/watch?v=3Zadt1abGS0,Unknown Title,Unknown Category
KUSFrAefiSw,https://www.youtube.com/watch?v=KUSFrAefiSw,Unknown Title,Unknown Category
ktCrc0URpCI,https://www.youtube.com/watch?v=ktCrc0URpCI,Unknown Title,Unknown Category
6qPGWi-D5Zg,https://www.youtube.com/watch?v=6qPGWi-D5Zg,Unknown Title,Unknown Category
2q2Tba0sFTE,https://www.youtube.com/watch?v=2q2Tba0sFTE,Unknown Title,Unknown Category
kYqahodYpvM,https://www.youtube.com/watch?v=kYqahodYpvM,Unknown Title,Unknown Category
jZpJnBVKAi8,https://www.youtube.com/watch?v=jZpJnBVKAi8,Unknown Title,Unknown Category
4m2ukTxaHek,https://www.youtube.com/watch?v=4m2ukTxaHek,Unknown Title,Unknown Category
6vhFpQTMGu4,https://www.youtube.com/watch?v=6vhFpQTMGu4,Unknown Title,Unknown Category
xTH53UGaD7o,https://www.youtube.com/watch?v=xTH53UGaD7o,Unknown Title,Unknown Category
lvi85wkwNdk,https://www.youtube.com/watch?v=lvi85wkwNdk,Unknown Title,Unknown Category
ouZB47ZZHLc,https://www.youtube.com/watch?v=ouZB47ZZHLc,Unknown Title,Unknown Category
grda19gbO0k,https://www.youtube.com/watch?v=grda19gbO0k,Unknown Title,Unknown Category
_Fk2UfqVySg,https://www.youtube.com/watch?v=_Fk2UfqVySg,Unknown Title,Unknown Category
5LUPajxpIXM,https://www.youtube.com/watch?v=5LUPajxpIXM,Unknown Title,Unknown Category
2o-Iq3r_suA,https://www.youtube.com/watch?v=2o-Iq3r_suA,Unknown Title,Unknown Category
--vP_LrXZwo,https://www.youtube.com/watch?v=--vP_LrXZwo,Unknown Title,Unknown Category
nyLKo7pEkG0,https://www.youtube.com/watch?v=nyLKo7pEkG0,Unknown Title,Unknown Category
8tRWi8kc3Hs,https://www.youtube.com/watch?v=8tRWi8kc3Hs,Unknown Title,Unknown Category
K-k_2k5YejI,https://www.youtube.com/watch?v=K-k_2k5YejI,Unknown Title,Unknown Category
LKcFEyco2lQ,https://www.youtube.com/watch?v=LKcFEyco2lQ,Unknown Title,Unknown Category
l_KPs07Ijzw,https://www.youtube.com/watch?v=l_KPs07Ijzw,Unknown Title,Unknown Category
tX3mfbPnJwM,https://www.youtube.com/watch?v=tX3mfbPnJwM,Unknown Title,Unknown Category
ny8uMUPpo6I,https://www.youtube.com/watch?v=ny8uMUPpo6I,Unknown Title,Unknown Category
Zm3a7nKmObE,https://www.youtube.com/watch?v=Zm3a7nKmObE,Unknown Title,Unknown Category
Ia7E8capeyc,https://www.youtube.com/watch?v=Ia7E8capeyc,Unknown Title,Unknown Category
qUVBTsxOP_8,https://www.youtube.com/watch?v=qUVBTsxOP_8,Unknown Title,Unknown Category
pMqJ3cSeFIo,https://www.youtube.com/watch?v=pMqJ3cSeFIo,Unknown Title,Unknown Category
8f9mADiLltQ,https://www.youtube.com/watch?v=8f9mADiLltQ,Unknown Title,Unknown Category
r4ThknEGQZg,https://www.youtube.com/watch?v=r4ThknEGQZg,Unknown Title,Unknown Category
5YYZkA3v5MY,https://www.youtube.com/watch?v=5YYZkA3v5MY,Unknown Title,Unknown Category
CWpMhJmwqJ0,https://www.youtube.com/watch?v=CWpMhJmwqJ0,Unknown Title,Unknown Category
DjkAt8qciV0,https://www.youtube.com/watch?v=DjkAt8qciV0,Unknown Title,Unknown Category
cT-0oVHW6BU,https://www.youtube.com/watch?v=cT-0oVHW6BU,Unknown Title,Unknown Category
Xq7f1yHbMSM,https://www.youtube.com/watch?v=Xq7f1yHbMSM,Unknown Title,Unknown Category
fKvfa0UvRuQ,https://www.youtube.com/watch?v=fKvfa0UvRuQ,Unknown Title,Unknown Category
SNOZ28WuUAY,https://www.youtube.com/watch?v=SNOZ28WuUAY,Unknown Title,Unknown Category
5eaOlqOQ-vo,https://www.youtube.com/watch?v=5eaOlqOQ-vo,Unknown Title,Unknown Category
VQJsNvfwHpI,https://www.youtube.com/watch?v=VQJsNvfwHpI,Unknown Title,Unknown Category
xvTUAtc0Smw,https://www.youtube.com/watch?v=xvTUAtc0Smw,Unknown Title,Unknown Category
Q5d1vUz8ek8,https://www.youtube.com/watch?v=Q5d1vUz8ek8,Unknown Title,Unknown Category
E6VJXmkgdfc,https://www.youtube.com/watch?v=E6VJXmkgdfc,Unknown Title,Unknown Category
oY63zAdUdVo,https://www.youtube.com/watch?v=oY63zAdUdVo,Unknown Title,Unknown Category
tfKWKfagfFs,https://www.youtube.com/watch?v=tfKWKfagfFs,Unknown Title,Unknown Category
W3v4H_kYrhk,https://www.youtube.com/watch?v=W3v4H_kYrhk,Unknown Title,Unknown Category
A11SHsRWptY,https://www.youtube.com/watch?v=A11SHsRWptY,Unknown Title,Unknown Category
zsMFF9wEKjE,https://www.youtube.com/watch?v=zsMFF9wEKjE,Unknown Title,Unknown Category
1vK4rtprz6w,https://www.youtube.com/watch?v=1vK4rtprz6w,Unknown Title,Unknown Category
A8qTRBc8Bws,https://www.youtube.com/watch?v=A8qTRBc8Bws,Understanding Our Soil: The Nitrogen Cycle Fixers and Fertilizer,Education
2YgkwKHJFBw,https://www.youtube.com/watch?v=2YgkwKHJFBw,Unknown Title,Unknown Category
4aDTpiU4adE,https://www.youtube.com/watch?v=4aDTpiU4adE,Unknown Title,Unknown Category
-ew-wjLp0UA,https://www.youtube.com/watch?v=-ew-wjLp0UA,Unknown Title,Unknown Category
9q2_Sesns-0,https://www.youtube.com/watch?v=9q2_Sesns-0,Unknown Title,Unknown Category
LV85zcpPbjc,https://www.youtube.com/watch?v=LV85zcpPbjc,Unknown Title,Unknown Category
TaRa-OUUf3Q,https://www.youtube.com/watch?v=TaRa-OUUf3Q,Unknown Title,Unknown Category
Ee__0yuE6Lk,https://www.youtube.com/watch?v=Ee__0yuE6Lk,Unknown Title,Unknown Category
ehVwzKzpuEQ,https://www.youtube.com/watch?v=ehVwzKzpuEQ,Unknown Title,Unknown Category
tGavl99_rAM,https://www.youtube.com/watch?v=tGavl99_rAM,Unknown Title,Unknown Category
7-GOF18RdL8,https://www.youtube.com/watch?v=7-GOF18RdL8,Unknown Title,Unknown Category
Gu5vXvzqL8o,https://www.youtube.com/watch?v=Gu5vXvzqL8o,Unknown Title,Unknown Category
tlPb6vvE01Q,https://www.youtube.com/watch?v=tlPb6vvE01Q,Unknown Title,Unknown Category
HboGe9K0dAQ,https://www.youtube.com/watch?v=HboGe9K0dAQ,Unknown Title,Unknown Category
AoA-IOn73PA,https://www.youtube.com/watch?v=AoA-IOn73PA,Unknown Title,Unknown Category
DxiBusMaqDE,https://www.youtube.com/watch?v=DxiBusMaqDE,Unknown Title,Unknown Category
a6gH3MSkhIk,https://www.youtube.com/watch?v=a6gH3MSkhIk,Unknown Title,Unknown Category
JZiUxz0vpH8,https://www.youtube.com/watch?v=JZiUxz0vpH8,Unknown Title,Unknown Category
l2Xr_uBTiEA,https://www.youtube.com/watch?v=l2Xr_uBTiEA,Unknown Title,Unknown Category
jttGx75xBTo,https://www.youtube.com/watch?v=jttGx75xBTo,Unknown Title,Unknown Category
kaImmBDEvfU,https://www.youtube.com/watch?v=kaImmBDEvfU,Unknown Title,Unknown Category
kQcax3Rv4oA,https://www.youtube.com/watch?v=kQcax3Rv4oA,Unknown Title,Unknown Category
OQ84cntD76w,https://www.youtube.com/watch?v=OQ84cntD76w,Unknown Title,Unknown Category
81fWBMyLxz4,https://www.youtube.com/watch?v=81fWBMyLxz4,Unknown Title,Unknown Category
qKkdL5XRvbE,https://www.youtube.com/watch?v=qKkdL5XRvbE,Unknown Title,Unknown Category
9n6o94ETbh8,https://www.youtube.com/watch?v=9n6o94ETbh8,Unknown Title,Unknown Category
zfNbC9p5zEI,https://www.youtube.com/watch?v=zfNbC9p5zEI,Unknown Title,Unknown Category
NIxCPsDFNQM,https://www.youtube.com/watch?v=NIxCPsDFNQM,Unknown Title,Unknown Category
MzRJO4muGhg,https://www.youtube.com/watch?v=MzRJO4muGhg,Unknown Title,Unknown Category
lmhSv6-T7EQ,https://www.youtube.com/watch?v=lmhSv6-T7EQ,Unknown Title,Unknown Category
DD568ClG9gI,https://www.youtube.com/watch?v=DD568ClG9gI,Unknown Title,Unknown Category
BVpO-3s9aZA,https://www.youtube.com/watch?v=BVpO-3s9aZA,Unknown Title,Unknown Category
D-PG-GpJqo4,https://www.youtube.com/watch?v=D-PG-GpJqo4,Unknown Title,Unknown Category
D4Cj8J-gdLs,https://www.youtube.com/watch?v=D4Cj8J-gdLs,Unknown Title,Unknown Category
y6P_FKqXzDA,https://www.youtube.com/watch?v=y6P_FKqXzDA,Unknown Title,Unknown Category
LT4WYX0qxXg,https://www.youtube.com/watch?v=LT4WYX0qxXg,Unknown Title,Unknown Category
xrOdem1ENvM,https://www.youtube.com/watch?v=xrOdem1ENvM,Unknown Title,Unknown Category
snEo_H9pZFU,https://www.youtube.com/watch?v=snEo_H9pZFU,Unknown Title,Unknown Category
ilG9bIPoWEI,https://www.youtube.com/watch?v=ilG9bIPoWEI,Unknown Title,Unknown Category
3-xjgCWMED0,https://www.youtube.com/watch?v=3-xjgCWMED0,Unknown Title,Unknown Category
9bwkWrghsOI,https://www.youtube.com/watch?v=9bwkWrghsOI,Unknown Title,Unknown Category
6rLJDJTN_dU,https://www.youtube.com/watch?v=6rLJDJTN_dU,Unknown Title,Unknown Category
1t2rFGphDpI,https://www.youtube.com/watch?v=1t2rFGphDpI,Unknown Title,Unknown Category
I6xmfCYYygA,https://www.youtube.com/watch?v=I6xmfCYYygA,Unknown Title,Unknown Category
UyH70Hi7TEs,https://www.youtube.com/watch?v=UyH70Hi7TEs,Unknown Title,Unknown Category
Bd4Sx8Be8EI,https://www.youtube.com/watch?v=Bd4Sx8Be8EI,Unknown Title,Unknown Category
_vg9f9ijPIk,https://www.youtube.com/watch?v=_vg9f9ijPIk,Unknown Title,Unknown Category
dinkoJSw5nQ,https://www.youtube.com/watch?v=dinkoJSw5nQ,Unknown Title,Unknown Category
2mfXd4qr_K0,https://www.youtube.com/watch?v=2mfXd4qr_K0,Unknown Title,Unknown Category
rwqShCEDpfQ,https://www.youtube.com/watch?v=rwqShCEDpfQ,Unknown Title,Unknown Category
pwgC95JFqOY,https://www.youtube.com/watch?v=pwgC95JFqOY,Unknown Title,Unknown Category
HflbtKfhW_A,https://www.youtube.com/watch?v=HflbtKfhW_A,Unknown Title,Unknown Category
pCWKpzx0QmM,https://www.youtube.com/watch?v=pCWKpzx0QmM,Unknown Title,Unknown Category
0UMM2almwRM,https://www.youtube.com/watch?v=0UMM2almwRM,Unknown Title,Unknown Category
fomDWeV8i2Q,https://www.youtube.com/watch?v=fomDWeV8i2Q,Unknown Title,Unknown Category
xKcNKrgoI0Q,https://www.youtube.com/watch?v=xKcNKrgoI0Q,Unknown Title,Unknown Category
vxHp3TUoisE,https://www.youtube.com/watch?v=vxHp3TUoisE,Unknown Title,Unknown Category
5am4ZjEZ4wc,https://www.youtube.com/watch?v=5am4ZjEZ4wc,Unknown Title,Unknown Category
CoI-rTft9X4,https://www.youtube.com/watch?v=CoI-rTft9X4,Unknown Title,Unknown Category
buKms5BT8kM,https://www.youtube.com/watch?v=buKms5BT8kM,Unknown Title,Unknown Category
Gqacej37IrU,https://www.youtube.com/watch?v=Gqacej37IrU,Unknown Title,Unknown Category
D0gjtP6Fwug,https://www.youtube.com/watch?v=D0gjtP6Fwug,Unknown Title,Unknown Category
Qwcmw3DV_Mc,https://www.youtube.com/watch?v=Qwcmw3DV_Mc,Unknown Title,Unknown Category
0T61OtYydXc,https://www.youtube.com/watch?v=0T61OtYydXc,Unknown Title,Unknown Category
HZIsnzBnTKQ,https://www.youtube.com/watch?v=HZIsnzBnTKQ,Unknown Title,Unknown Category
LK7RIMpzy3Y,https://www.youtube.com/watch?v=LK7RIMpzy3Y,Unknown Title,Unknown Category
M6K2jXiCyA8,https://www.youtube.com/watch?v=M6K2jXiCyA8,Unknown Title,Unknown Category
X0WAbH4izeE,https://www.youtube.com/watch?v=X0WAbH4izeE,Unknown Title,Unknown Category
I2kMJBxqfT4,https://www.youtube.com/watch?v=I2kMJBxqfT4,Unknown Title,Unknown Category
fU6S4kp1q1c,https://www.youtube.com/watch?v=fU6S4kp1q1c,Unknown Title,Unknown Category
5mGTAdWU1b4,https://www.youtube.com/watch?v=5mGTAdWU1b4,Unknown Title,Unknown Category
Q3GI9M0I4us,https://www.youtube.com/watch?v=Q3GI9M0I4us,Unknown Title,Unknown Category
FoUqC-5Ycyg,https://www.youtube.com/watch?v=FoUqC-5Ycyg,Unknown Title,Unknown Category
o111KF3_y-4,https://www.youtube.com/watch?v=o111KF3_y-4,Unknown Title,Unknown Category
nKMOYmQaH8o,https://www.youtube.com/watch?v=nKMOYmQaH8o,Unknown Title,Unknown Category
blU9b3cQvoY,https://www.youtube.com/watch?v=blU9b3cQvoY,Unknown Title,Unknown Category
D8aqD6RUuQE,https://www.youtube.com/watch?v=D8aqD6RUuQE,Unknown Title,Unknown Category
j8BPnSa32Co,https://www.youtube.com/watch?v=j8BPnSa32Co,Unknown Title,Unknown Category
J0MPWh15Q9s,https://www.youtube.com/watch?v=J0MPWh15Q9s,Unknown Title,Unknown Category
CCSmD5cSn5I,https://www.youtube.com/watch?v=CCSmD5cSn5I,Unknown Title,Unknown Category
B-SPAcVJAPE,https://www.youtube.com/watch?v=B-SPAcVJAPE,Unknown Title,Unknown Category
rifXAuqEPcE,https://www.youtube.com/watch?v=rifXAuqEPcE,Unknown Title,Unknown Category
AKrJIVVKnQ8,https://www.youtube.com/watch?v=AKrJIVVKnQ8,Unknown Title,Unknown Category
cYwyBM6CFVM,https://www.youtube.com/watch?v=cYwyBM6CFVM,Unknown Title,Unknown Category
EaA-Wry8SsM,https://www.youtube.com/watch?v=EaA-Wry8SsM,Unknown Title,Unknown Category
zI_lwy8KfHI,https://www.youtube.com/watch?v=zI_lwy8KfHI,Unknown Title,Unknown Category
C7Mfp5Ax6d0,https://www.youtube.com/watch?v=C7Mfp5Ax6d0,Unknown Title,Unknown Category
B0c4aBzkRxU,https://www.youtube.com/watch?v=B0c4aBzkRxU,Unknown Title,Unknown Category
3IPKhHHaPXI,https://www.youtube.com/watch?v=3IPKhHHaPXI,Unknown Title,Unknown Category
TXmpgeV35vI,https://www.youtube.com/watch?v=TXmpgeV35vI,Unknown Title,Unknown Category
0o28RI1i5_0,https://www.youtube.com/watch?v=0o28RI1i5_0,Winter Livestock Grazing,Education
vs6h9ndpB6c,https://www.youtube.com/watch?v=vs6h9ndpB6c,Unknown Title,Unknown Category
BvS_m8xKunI,https://www.youtube.com/watch?v=BvS_m8xKunI,Unknown Title,Unknown Category
V7r3QfDjKE4,https://www.youtube.com/watch?v=V7r3QfDjKE4,Unknown Title,Unknown Category
90BcpwMEvps,https://www.youtube.com/watch?v=90BcpwMEvps,Unknown Title,Unknown Category
b7LQvkW9YPk,https://www.youtube.com/watch?v=b7LQvkW9YPk,Unknown Title,Unknown Category
OKfuHgiZpVw,https://www.youtube.com/watch?v=OKfuHgiZpVw,Unknown Title,Unknown Category
19obDcmJ1ag,https://www.youtube.com/watch?v=19obDcmJ1ag,Unknown Title,Unknown Category
vMiBC0LHF-w,https://www.youtube.com/watch?v=vMiBC0LHF-w,Unknown Title,Unknown Category
wWRdidwFY50,https://www.youtube.com/watch?v=wWRdidwFY50,Unknown Title,Unknown Category
s_k0FJyb3Eg,https://www.youtube.com/watch?v=s_k0FJyb3Eg,Unknown Title,Unknown Category
iqveen9btLI,https://www.youtube.com/watch?v=iqveen9btLI,Unknown Title,Unknown Category
2V9koPQYy0Y,https://www.youtube.com/watch?v=2V9koPQYy0Y,Unknown Title,Unknown Category
p4XHzkWX7w0,https://www.youtube.com/watch?v=p4XHzkWX7w0,Unknown Title,Unknown Category
sAlyB5E5kOU,https://www.youtube.com/watch?v=sAlyB5E5kOU,Unknown Title,Unknown Category
yXAZqb291uQ,https://www.youtube.com/watch?v=yXAZqb291uQ,Unknown Title,Unknown Category
_KynQX5GsA4,https://www.youtube.com/watch?v=_KynQX5GsA4,Unknown Title,Unknown Category
O-aJREbxoM0,https://www.youtube.com/watch?v=O-aJREbxoM0,Unknown Title,Unknown Category
fFCaMBQpBHY,https://www.youtube.com/watch?v=fFCaMBQpBHY,Unknown Title,Unknown Category
XAqKNsiuLxY,https://www.youtube.com/watch?v=XAqKNsiuLxY,Unknown Title,Unknown Category
teVmVMH-Ano,https://www.youtube.com/watch?v=teVmVMH-Ano,Unknown Title,Unknown Category
VPBovuhCdsc,https://www.youtube.com/watch?v=VPBovuhCdsc,Unknown Title,Unknown Category
yE7yCoOp-fo,https://www.youtube.com/watch?v=yE7yCoOp-fo,Table Mountain Vineyards | Farm Meets Function,Education
Kipk5QgQKio,https://www.youtube.com/watch?v=Kipk5QgQKio,Unknown Title,Unknown Category
8lrdEJAsBlw,https://www.youtube.com/watch?v=8lrdEJAsBlw,Unknown Title,Unknown Category
58nfmCPThVU,https://www.youtube.com/watch?v=58nfmCPThVU,Unknown Title,Unknown Category
outbfQcvRyA,https://www.youtube.com/watch?v=outbfQcvRyA,Unknown Title,Unknown Category
sGyXvVP7uHc,https://www.youtube.com/watch?v=sGyXvVP7uHc,Unknown Title,Unknown Category
NeUvyRkahvI,https://www.youtube.com/watch?v=NeUvyRkahvI,Unknown Title,Unknown Category
HkbWdRTSLno,https://www.youtube.com/watch?v=HkbWdRTSLno,Unknown Title,Unknown Category
qf-igYEDohs,https://www.youtube.com/watch?v=qf-igYEDohs,Unknown Title,Unknown Category
msnbH5dEnoc,https://www.youtube.com/watch?v=msnbH5dEnoc,Unknown Title,Unknown Category
7LMbMld45KY,https://www.youtube.com/watch?v=7LMbMld45KY,Unknown Title,Unknown Category
2ZP8FnzHlUg,https://www.youtube.com/watch?v=2ZP8FnzHlUg,Unknown Title,Unknown Category
F2wnNt8MHaI,https://www.youtube.com/watch?v=F2wnNt8MHaI,Unknown Title,Unknown Category
8Q2aq83WeVY,https://www.youtube.com/watch?v=8Q2aq83WeVY,Unknown Title,Unknown Category
NV0d0TI6Xx8,https://www.youtube.com/watch?v=NV0d0TI6Xx8,Unknown Title,Unknown Category
hEuHCKhk2cM,https://www.youtube.com/watch?v=hEuHCKhk2cM,Unknown Title,Unknown Category
M-mUYXsXlyE,https://www.youtube.com/watch?v=M-mUYXsXlyE,Unknown Title,Unknown Category
v9FYY6dCUoo,https://www.youtube.com/watch?v=v9FYY6dCUoo,Unknown Title,Unknown Category
PP9dYoN8pTk,https://www.youtube.com/watch?v=PP9dYoN8pTk,Unknown Title,Unknown Category
JTWB9SgdtUA,https://www.youtube.com/watch?v=JTWB9SgdtUA,Unknown Title,Unknown Category
w-vw66CZNAo,https://www.youtube.com/watch?v=w-vw66CZNAo,Unknown Title,Unknown Category
QZ8piT7VHiA,https://www.youtube.com/watch?v=QZ8piT7VHiA,Unknown Title,Unknown Category
wjjxwkpS-Hk,https://www.youtube.com/watch?v=wjjxwkpS-Hk,Unknown Title,Unknown Category
smwueWl2diA,https://www.youtube.com/watch?v=smwueWl2diA,Unknown Title,Unknown Category
tJnSPXgZEKY,https://www.youtube.com/watch?v=tJnSPXgZEKY,Unknown Title,Unknown Category
7LEENnp02Lw,https://www.youtube.com/watch?v=7LEENnp02Lw,Unknown Title,Unknown Category
TkYOD5iXJ54,https://www.youtube.com/watch?v=TkYOD5iXJ54,Unknown Title,Unknown Category
alVZPXGnzI4,https://www.youtube.com/watch?v=alVZPXGnzI4,Unknown Title,Unknown Category
Q9rMYq0t2I0,https://www.youtube.com/watch?v=Q9rMYq0t2I0,Unknown Title,Unknown Category
4egU7w1Nb_4,https://www.youtube.com/watch?v=4egU7w1Nb_4,Unknown Title,Unknown Category
4JhxYDoI1vo,https://www.youtube.com/watch?v=4JhxYDoI1vo,Unknown Title,Unknown Category
bIHiaHtAkjY,https://www.youtube.com/watch?v=bIHiaHtAkjY,Unknown Title,Unknown Category
-qI0F9kT9Zs,https://www.youtube.com/watch?v=-qI0F9kT9Zs,Unknown Title,Unknown Category
kcZofqG0DPI,https://www.youtube.com/watch?v=kcZofqG0DPI,Unknown Title,Unknown Category
OK1_QQsSrfY,https://www.youtube.com/watch?v=OK1_QQsSrfY,Unknown Title,Unknown Category
ewK612M7oSM,https://www.youtube.com/watch?v=ewK612M7oSM,Unknown Title,Unknown Category
Rj8CrdAsuzI,https://www.youtube.com/watch?v=Rj8CrdAsuzI,Unknown Title,Unknown Category
woGnJ2cNzzg,https://www.youtube.com/watch?v=woGnJ2cNzzg,Unknown Title,Unknown Category
wKTrNtlNK_g,https://www.youtube.com/watch?v=wKTrNtlNK_g,Unknown Title,Unknown Category
5SkM4SOTX4w,https://www.youtube.com/watch?v=5SkM4SOTX4w,Unknown Title,Unknown Category
q6SyT3mqUHs,https://www.youtube.com/watch?v=q6SyT3mqUHs,Unknown Title,Unknown Category
1eL4TTMRN-I,https://www.youtube.com/watch?v=1eL4TTMRN-I,Unknown Title,Unknown Category
-E2m3rKcL24,https://www.youtube.com/watch?v=-E2m3rKcL24,Unknown Title,Unknown Category
FV50hzYCBbk,https://www.youtube.com/watch?v=FV50hzYCBbk,Unknown Title,Unknown Category
VpvSBjdZPas,https://www.youtube.com/watch?v=VpvSBjdZPas,Unknown Title,Unknown Category
Wnmg_zgD59A,https://www.youtube.com/watch?v=Wnmg_zgD59A,Unknown Title,Unknown Category
PIfoEas2zCY,https://www.youtube.com/watch?v=PIfoEas2zCY,Unknown Title,Unknown Category
rkvYtUcREls,https://www.youtube.com/watch?v=rkvYtUcREls,Unknown Title,Unknown Category
57uglT-AuBg,https://www.youtube.com/watch?v=57uglT-AuBg,Unknown Title,Unknown Category
4LCAtC1nwZY,https://www.youtube.com/watch?v=4LCAtC1nwZY,Unknown Title,Unknown Category
O09n6loMiYU,https://www.youtube.com/watch?v=O09n6loMiYU,Unknown Title,Unknown Category
wo7BwyUJgj8,https://www.youtube.com/watch?v=wo7BwyUJgj8,Unknown Title,Unknown Category
JBZYowX_x0k,https://www.youtube.com/watch?v=JBZYowX_x0k,Unknown Title,Unknown Category
qwo2agtB2hY,https://www.youtube.com/watch?v=qwo2agtB2hY,Unknown Title,Unknown Category
taIQdMcO7bg,https://www.youtube.com/watch?v=taIQdMcO7bg,Unknown Title,Unknown Category
wUc41OqWohM,https://www.youtube.com/watch?v=wUc41OqWohM,Unknown Title,Unknown Category
Irww5EtoZl8,https://www.youtube.com/watch?v=Irww5EtoZl8,Unknown Title,Unknown Category
0qI3AwcaKdQ,https://www.youtube.com/watch?v=0qI3AwcaKdQ,Unknown Title,Unknown Category
eodkbhne1pE,https://www.youtube.com/watch?v=eodkbhne1pE,Unknown Title,Unknown Category
FHT8XQ_iTZY,https://www.youtube.com/watch?v=FHT8XQ_iTZY,Unknown Title,Unknown Category
c10odzuN2HQ,https://www.youtube.com/watch?v=c10odzuN2HQ,Unknown Title,Unknown Category
EyPNNfye5gU,https://www.youtube.com/watch?v=EyPNNfye5gU,Unknown Title,Unknown Category
0XMI3OrmKHY,https://www.youtube.com/watch?v=0XMI3OrmKHY,Unknown Title,Unknown Category
6Luvx14q_fU,https://www.youtube.com/watch?v=6Luvx14q_fU,Unknown Title,Unknown Category
maYiKt1W4VU,https://www.youtube.com/watch?v=maYiKt1W4VU,Unknown Title,Unknown Category
P0hjMfoUpcY,https://www.youtube.com/watch?v=P0hjMfoUpcY,Unknown Title,Unknown Category
PJ1JC6z1VdU,https://www.youtube.com/watch?v=PJ1JC6z1VdU,Unknown Title,Unknown Category
Yb0E4WpZ_q8,https://www.youtube.com/watch?v=Yb0E4WpZ_q8,Unknown Title,Unknown Category
-WJhluODkxM,https://www.youtube.com/watch?v=-WJhluODkxM,Unknown Title,Unknown Category
OC-JJFXiMck,https://www.youtube.com/watch?v=OC-JJFXiMck,Unknown Title,Unknown Category
CYE7VEzc1XE,https://www.youtube.com/watch?v=CYE7VEzc1XE,Unknown Title,Unknown Category
J0hNbKaIOXY,https://www.youtube.com/watch?v=J0hNbKaIOXY,Unknown Title,Unknown Category
W5urBg1MB50,https://www.youtube.com/watch?v=W5urBg1MB50,Unknown Title,Unknown Category
mdetGOwNnJo,https://www.youtube.com/watch?v=mdetGOwNnJo,Unknown Title,Unknown Category
PlOak_Rinag,https://www.youtube.com/watch?v=PlOak_Rinag,Unknown Title,Unknown Category
r-p7DeOPtgU,https://www.youtube.com/watch?v=r-p7DeOPtgU,Unknown Title,Unknown Category
ekxaCJicQRc,https://www.youtube.com/watch?v=ekxaCJicQRc,Unknown Title,Unknown Category
o5-k0ql0od4,https://www.youtube.com/watch?v=o5-k0ql0od4,Unknown Title,Unknown Category
uZk8j1Lhi6I,https://www.youtube.com/watch?v=uZk8j1Lhi6I,Unknown Title,Unknown Category
EpA7VxIzUY8,https://www.youtube.com/watch?v=EpA7VxIzUY8,Unknown Title,Unknown Category
a4w8_M5uHag,https://www.youtube.com/watch?v=a4w8_M5uHag,Unknown Title,Unknown Category
wsNLMs6nVPA,https://www.youtube.com/watch?v=wsNLMs6nVPA,Unknown Title,Unknown Category
sXbcNlX3kTQ,https://www.youtube.com/watch?v=sXbcNlX3kTQ,Unknown Title,Unknown Category
vt1DXyNaqFk,https://www.youtube.com/watch?v=vt1DXyNaqFk,Unknown Title,Unknown Category
DjPUrPl12A4,https://www.youtube.com/watch?v=DjPUrPl12A4,Unknown Title,Unknown Category
l0JHLO80B4E,https://www.youtube.com/watch?v=l0JHLO80B4E,Unknown Title,Unknown Category
PirEfB13c4E,https://www.youtube.com/watch?v=PirEfB13c4E,Unknown Title,Unknown Category
0wflNdDDbSc,https://www.youtube.com/watch?v=0wflNdDDbSc,Unknown Title,Unknown Category
zdzcQ-2UXeM,https://www.youtube.com/watch?v=zdzcQ-2UXeM,Unknown Title,Unknown Category
hftMbH5LyKU,https://www.youtube.com/watch?v=hftMbH5LyKU,Unknown Title,Unknown Category
oPAX0a2S1e0,https://www.youtube.com/watch?v=oPAX0a2S1e0,Unknown Title,Unknown Category
6TGJXv8rj3k,https://www.youtube.com/watch?v=6TGJXv8rj3k,Unknown Title,Unknown Category
inHRltqNWtk,https://www.youtube.com/watch?v=inHRltqNWtk,Unknown Title,Unknown Category
ggBdH1aBcvg,https://www.youtube.com/watch?v=ggBdH1aBcvg,Unknown Title,Unknown Category
MVZzYhjb-lA,https://www.youtube.com/watch?v=MVZzYhjb-lA,Unknown Title,Unknown Category
xT1x2zzJl44,https://www.youtube.com/watch?v=xT1x2zzJl44,Unknown Title,Unknown Category
7BRD9IVFu_o,https://www.youtube.com/watch?v=7BRD9IVFu_o,Unknown Title,Unknown Category
uSCBZMbWNIg,https://www.youtube.com/watch?v=uSCBZMbWNIg,Unknown Title,Unknown Category
2NAZkKoZLpo,https://www.youtube.com/watch?v=2NAZkKoZLpo,Unknown Title,Unknown Category
VnnmlLB6DtM,https://www.youtube.com/watch?v=VnnmlLB6DtM,Unknown Title,Unknown Category
TRfxae99JoE,https://www.youtube.com/watch?v=TRfxae99JoE,Unknown Title,Unknown Category
xnUZKWLh5XM,https://www.youtube.com/watch?v=xnUZKWLh5XM,Unknown Title,Unknown Category
pA5w8cMvL3Q,https://www.youtube.com/watch?v=pA5w8cMvL3Q,Unknown Title,Unknown Category
NBEekaIQPd4,https://www.youtube.com/watch?v=NBEekaIQPd4,Unknown Title,Unknown Category
VsPCUwDKESE,https://www.youtube.com/watch?v=VsPCUwDKESE,Unknown Title,Unknown Category
RLUSj3eBAoM,https://www.youtube.com/watch?v=RLUSj3eBAoM,Unknown Title,Unknown Category
wwS8otySCO8,https://www.youtube.com/watch?v=wwS8otySCO8,Unknown Title,Unknown Category
5cpOCO1Yglw,https://www.youtube.com/watch?v=5cpOCO1Yglw,Unknown Title,Unknown Category
qoqK3RQMDiE,https://www.youtube.com/watch?v=qoqK3RQMDiE,Unknown Title,Unknown Category
7mKJMZiWs8M,https://www.youtube.com/watch?v=7mKJMZiWs8M,Unknown Title,Unknown Category
BOrOcnI1bvA,https://www.youtube.com/watch?v=BOrOcnI1bvA,Unknown Title,Unknown Category
jqoO9KtoXJE,https://www.youtube.com/watch?v=jqoO9KtoXJE,Unknown Title,Unknown Category
nzYUXDpAwKk,https://www.youtube.com/watch?v=nzYUXDpAwKk,Unknown Title,Unknown Category
5z71_iYeRsA,https://www.youtube.com/watch?v=5z71_iYeRsA,Unknown Title,Unknown Category
IDmqBTKNNZw,https://www.youtube.com/watch?v=IDmqBTKNNZw,Unknown Title,Unknown Category
tpA2xGQiAlY,https://www.youtube.com/watch?v=tpA2xGQiAlY,Unknown Title,Unknown Category
icA_N1AXyr4,https://www.youtube.com/watch?v=icA_N1AXyr4,Unknown Title,Unknown Category
NIIBubn7HFU,https://www.youtube.com/watch?v=NIIBubn7HFU,Unknown Title,Unknown Category
bq2hrWcrY6g,https://www.youtube.com/watch?v=bq2hrWcrY6g,Unknown Title,Unknown Category
4DPYSeR2NeY,https://www.youtube.com/watch?v=4DPYSeR2NeY,Unknown Title,Unknown Category
1bqPPXFS00U,https://www.youtube.com/watch?v=1bqPPXFS00U,Unknown Title,Unknown Category
evXb_rnR81c,https://www.youtube.com/watch?v=evXb_rnR81c,Unknown Title,Unknown Category
1p5wIwCfUmM,https://www.youtube.com/watch?v=1p5wIwCfUmM,Unknown Title,Unknown Category
bnjiYnza5NQ,https://www.youtube.com/watch?v=bnjiYnza5NQ,Unknown Title,Unknown Category
no7tc2LV3Y4,https://www.youtube.com/watch?v=no7tc2LV3Y4,Unknown Title,Unknown Category
5lQqweLho9Y,https://www.youtube.com/watch?v=5lQqweLho9Y,Unknown Title,Unknown Category
Cnk4RbhQ8kg,https://www.youtube.com/watch?v=Cnk4RbhQ8kg,Unknown Title,Unknown Category
MNGjWVerCFo,https://www.youtube.com/watch?v=MNGjWVerCFo,Unknown Title,Unknown Category
ZRB9aqIVsIY,https://www.youtube.com/watch?v=ZRB9aqIVsIY,Unknown Title,Unknown Category
jckM1lCKFnE,https://www.youtube.com/watch?v=jckM1lCKFnE,Unknown Title,Unknown Category
yH4U0TGG6x8,https://www.youtube.com/watch?v=yH4U0TGG6x8,Unknown Title,Unknown Category
JfQ-wekRB6Q,https://www.youtube.com/watch?v=JfQ-wekRB6Q,Unknown Title,Unknown Category
ELP1ylYJxco,https://www.youtube.com/watch?v=ELP1ylYJxco,Unknown Title,Unknown Category
nsR0PEPiLEc,https://www.youtube.com/watch?v=nsR0PEPiLEc,Unknown Title,Unknown Category
i0TKewA7cZQ,https://www.youtube.com/watch?v=i0TKewA7cZQ,Unknown Title,Unknown Category
CkDkeS5mwkg,https://www.youtube.com/watch?v=CkDkeS5mwkg,Unknown Title,Unknown Category
t2snUtUdtWs,https://www.youtube.com/watch?v=t2snUtUdtWs,Unknown Title,Unknown Category
irTDYTwXSqk,https://www.youtube.com/watch?v=irTDYTwXSqk,Unknown Title,Unknown Category
Yx-PW4qYEHY,https://www.youtube.com/watch?v=Yx-PW4qYEHY,Unknown Title,Unknown Category
YfBWbU4rSxo,https://www.youtube.com/watch?v=YfBWbU4rSxo,Unknown Title,Unknown Category
QmM2Q5oGRnw,https://www.youtube.com/watch?v=QmM2Q5oGRnw,Unknown Title,Unknown Category
asscF9W9tqQ,https://www.youtube.com/watch?v=asscF9W9tqQ,Unknown Title,Unknown Category
ScdRSxPl-j8,https://www.youtube.com/watch?v=ScdRSxPl-j8,Unknown Title,Unknown Category
AlZQoLTsaqo,https://www.youtube.com/watch?v=AlZQoLTsaqo,Unknown Title,Unknown Category
2LwkOWsrIGY,https://www.youtube.com/watch?v=2LwkOWsrIGY,Unknown Title,Unknown Category
-vcPuEp-k48,https://www.youtube.com/watch?v=-vcPuEp-k48,Unknown Title,Unknown Category
o5jXDE2zqp0,https://www.youtube.com/watch?v=o5jXDE2zqp0,Unknown Title,Unknown Category
gsIG4pMd-dM,https://www.youtube.com/watch?v=gsIG4pMd-dM,Unknown Title,Unknown Category
3UoLxv1rsRc,https://www.youtube.com/watch?v=3UoLxv1rsRc,Unknown Title,Unknown Category
G4znn3tal8o,https://www.youtube.com/watch?v=G4znn3tal8o,Unknown Title,Unknown Category
1JfqLkSAvY0,https://www.youtube.com/watch?v=1JfqLkSAvY0,Unknown Title,Unknown Category
IklwQUD2vQo,https://www.youtube.com/watch?v=IklwQUD2vQo,Unknown Title,Unknown Category
YWiNfPRNXsQ,https://www.youtube.com/watch?v=YWiNfPRNXsQ,Unknown Title,Unknown Category
0HQySp30C2U,https://www.youtube.com/watch?v=0HQySp30C2U,Unknown Title,Unknown Category
Yut8_Lq5dmY,https://www.youtube.com/watch?v=Yut8_Lq5dmY,Unknown Title,Unknown Category
v8soeX3iWNA,https://www.youtube.com/watch?v=v8soeX3iWNA,Unknown Title,Unknown Category
PEY_h-q7Hsw,https://www.youtube.com/watch?v=PEY_h-q7Hsw,Unknown Title,Unknown Category
I8kiCAetpYc,https://www.youtube.com/watch?v=I8kiCAetpYc,Unknown Title,Unknown Category
QxUFWzfEqR4,https://www.youtube.com/watch?v=QxUFWzfEqR4,Unknown Title,Unknown Category
Sj7OVPhQewI,https://www.youtube.com/watch?v=Sj7OVPhQewI,Unknown Title,Unknown Category
Kz5HUUlKHlc,https://www.youtube.com/watch?v=Kz5HUUlKHlc,Unknown Title,Unknown Category
j2wgK0kG884,https://www.youtube.com/watch?v=j2wgK0kG884,Unknown Title,Unknown Category
xiDsAGoUOxA,https://www.youtube.com/watch?v=xiDsAGoUOxA,Unknown Title,Unknown Category
7IFPsttWry4,https://www.youtube.com/watch?v=7IFPsttWry4,Unknown Title,Unknown Category
FurAOY9Z0Ko,https://www.youtube.com/watch?v=FurAOY9Z0Ko,Unknown Title,Unknown Category
K7uw2SKNuz4,https://www.youtube.com/watch?v=K7uw2SKNuz4,Unknown Title,Unknown Category
dn_7UL0EQqA,https://www.youtube.com/watch?v=dn_7UL0EQqA,Unknown Title,Unknown Category
lSr2afXh6xE,https://www.youtube.com/watch?v=lSr2afXh6xE,Unknown Title,Unknown Category
66NQa52g1G8,https://www.youtube.com/watch?v=66NQa52g1G8,Unknown Title,Unknown Category
B2LFVh1m5dQ,https://www.youtube.com/watch?v=B2LFVh1m5dQ,Unknown Title,Unknown Category
A1iITpffUgU,https://www.youtube.com/watch?v=A1iITpffUgU,Unknown Title,Unknown Category
LPW3AkjRDkY,https://www.youtube.com/watch?v=LPW3AkjRDkY,Unknown Title,Unknown Category
TxGjC-unTlg,https://www.youtube.com/watch?v=TxGjC-unTlg,Unknown Title,Unknown Category
NlOCQg_3wc8,https://www.youtube.com/watch?v=NlOCQg_3wc8,Amazing Fruit Processing Line - Watermelon melon Sorting and Packing,Science & Technology
naTuHoUK-UU,https://www.youtube.com/watch?v=naTuHoUK-UU,Unknown Title,Unknown Category
6v_KC9mZydI,https://www.youtube.com/watch?v=6v_KC9mZydI,Unknown Title,Unknown Category
1wBcaYIcGS4,https://www.youtube.com/watch?v=1wBcaYIcGS4,Unknown Title,Unknown Category
OOMKlIUHKNY,https://www.youtube.com/watch?v=OOMKlIUHKNY,Unknown Title,Unknown Category
0MbPOlxKwtA,https://www.youtube.com/watch?v=0MbPOlxKwtA,Unknown Title,Unknown Category
CTCDuJucbAo,https://www.youtube.com/watch?v=CTCDuJucbAo,Unknown Title,Unknown Category
ZoUbuEuwCBg,https://www.youtube.com/watch?v=ZoUbuEuwCBg,Unknown Title,Unknown Category
TWVG90ztSYI,https://www.youtube.com/watch?v=TWVG90ztSYI,Unknown Title,Unknown Category
mzFJA61VgKs,https://www.youtube.com/watch?v=mzFJA61VgKs,Unknown Title,Unknown Category
FsDnJpTmlWQ,https://www.youtube.com/watch?v=FsDnJpTmlWQ,Unknown Title,Unknown Category
ZTrfesm_H5Y,https://www.youtube.com/watch?v=ZTrfesm_H5Y,Unknown Title,Unknown Category
c31gnELd2DU,https://www.youtube.com/watch?v=c31gnELd2DU,Unknown Title,Unknown Category
VMvUN80AIQs,https://www.youtube.com/watch?v=VMvUN80AIQs,Unknown Title,Unknown Category
cyjlLbjjzLU,https://www.youtube.com/watch?v=cyjlLbjjzLU,Unknown Title,Unknown Category
2_AVu1W56qg,https://www.youtube.com/watch?v=2_AVu1W56qg,Unknown Title,Unknown Category
xla7xLKWJCs,https://www.youtube.com/watch?v=xla7xLKWJCs,Unknown Title,Unknown Category
5jOkQea9u60,https://www.youtube.com/watch?v=5jOkQea9u60,Unknown Title,Unknown Category
7Fb-RQL1l-Y,https://www.youtube.com/watch?v=7Fb-RQL1l-Y,Unknown Title,Unknown Category
cydns9FBmkI,https://www.youtube.com/watch?v=cydns9FBmkI,Unknown Title,Unknown Category
oOm9h9trr0o,https://www.youtube.com/watch?v=oOm9h9trr0o,Unknown Title,Unknown Category
4N42YPw2Xjo,https://www.youtube.com/watch?v=4N42YPw2Xjo,Unknown Title,Unknown Category
YszAGsqOdOQ,https://www.youtube.com/watch?v=YszAGsqOdOQ,Unknown Title,Unknown Category
YyKxICl14Pw,https://www.youtube.com/watch?v=YyKxICl14Pw,Unknown Title,Unknown Category
beeZoADGL-w,https://www.youtube.com/watch?v=beeZoADGL-w,Unknown Title,Unknown Category
NpLyAvlowtA,https://www.youtube.com/watch?v=NpLyAvlowtA,HARVESTING Okra in MY GARDEN || How to Harvest Okra  @farmguards,Howto & Style
TK86lRpx1iA,https://www.youtube.com/watch?v=TK86lRpx1iA,Unknown Title,Unknown Category
EqJ0o-feeZ0,https://www.youtube.com/watch?v=EqJ0o-feeZ0,Unknown Title,Unknown Category
p1pVPuiFKdU,https://www.youtube.com/watch?v=p1pVPuiFKdU,Unknown Title,Unknown Category
MvgIgPv0DUQ,https://www.youtube.com/watch?v=MvgIgPv0DUQ,Unknown Title,Unknown Category
V1kPFqp8TWI,https://www.youtube.com/watch?v=V1kPFqp8TWI,Unknown Title,Unknown Category
pibnm8Mz2Ac,https://www.youtube.com/watch?v=pibnm8Mz2Ac,Unknown Title,Unknown Category
0LdS3n3Fx1k,https://www.youtube.com/watch?v=0LdS3n3Fx1k,Unknown Title,Unknown Category
IATO9z8Dj3k,https://www.youtube.com/watch?v=IATO9z8Dj3k,Unknown Title,Unknown Category
L5OkO1JlylI,https://www.youtube.com/watch?v=L5OkO1JlylI,Unknown Title,Unknown Category
Ltp-btgLscM,https://www.youtube.com/watch?v=Ltp-btgLscM,Unknown Title,Unknown Category
ZqNQ2RXWm4I,https://www.youtube.com/watch?v=ZqNQ2RXWm4I,Unknown Title,Unknown Category
PDNUFICCJzM,https://www.youtube.com/watch?v=PDNUFICCJzM,Unknown Title,Unknown Category
3KgLuOjbyT8,https://www.youtube.com/watch?v=3KgLuOjbyT8,Unknown Title,Unknown Category
yWmTWy8raGU,https://www.youtube.com/watch?v=yWmTWy8raGU,Unknown Title,Unknown Category
UwoXNJXpPSU,https://www.youtube.com/watch?v=UwoXNJXpPSU,Unknown Title,Unknown Category
meVTXCCoTCU,https://www.youtube.com/watch?v=meVTXCCoTCU,Unknown Title,Unknown Category
g3ccIAdm-e0,https://www.youtube.com/watch?v=g3ccIAdm-e0,Unknown Title,Unknown Category
2WSdl8Bgdhs,https://www.youtube.com/watch?v=2WSdl8Bgdhs,Unknown Title,Unknown Category
ZLxWwqV3n6k,https://www.youtube.com/watch?v=ZLxWwqV3n6k,Unknown Title,Unknown Category
n7_WdcKyDjI,https://www.youtube.com/watch?v=n7_WdcKyDjI,Unknown Title,Unknown Category
IN0dWg_FKHY,https://www.youtube.com/watch?v=IN0dWg_FKHY,Unknown Title,Unknown Category
MPLHDFwqGhI,https://www.youtube.com/watch?v=MPLHDFwqGhI,Unknown Title,Unknown Category
NuNeKHbWuw8,https://www.youtube.com/watch?v=NuNeKHbWuw8,Unknown Title,Unknown Category
JSeIxyhA5tI,https://www.youtube.com/watch?v=JSeIxyhA5tI,Unknown Title,Unknown Category
sw2Cg8XroqU,https://www.youtube.com/watch?v=sw2Cg8XroqU,Unknown Title,Unknown Category
allNrz1gVxs,https://www.youtube.com/watch?v=allNrz1gVxs,Unknown Title,Unknown Category
Uft6NP7rgLs,https://www.youtube.com/watch?v=Uft6NP7rgLs,Unknown Title,Unknown Category
nxyLQwqeYkI,https://www.youtube.com/watch?v=nxyLQwqeYkI,Unknown Title,Unknown Category
KQEzh9Ri6YM,https://www.youtube.com/watch?v=KQEzh9Ri6YM,Unknown Title,Unknown Category
GdKwj8XS61E,https://www.youtube.com/watch?v=GdKwj8XS61E,Unknown Title,Unknown Category
oLGKSqJez1g,https://www.youtube.com/watch?v=oLGKSqJez1g,Unknown Title,Unknown Category
5aNq8BQ06TU,https://www.youtube.com/watch?v=5aNq8BQ06TU,Unknown Title,Unknown Category
dDzTXEQJYJk,https://www.youtube.com/watch?v=dDzTXEQJYJk,Unknown Title,Unknown Category
ZYd3zSKD9hs,https://www.youtube.com/watch?v=ZYd3zSKD9hs,Unknown Title,Unknown Category
CoquNKQ4d5A,https://www.youtube.com/watch?v=CoquNKQ4d5A,Unknown Title,Unknown Category
BzFelZnSxBU,https://www.youtube.com/watch?v=BzFelZnSxBU,Unknown Title,Unknown Category
M5cdWTalL4w,https://www.youtube.com/watch?v=M5cdWTalL4w,Unknown Title,Unknown Category
D4_r-5B6nvU,https://www.youtube.com/watch?v=D4_r-5B6nvU,Unknown Title,Unknown Category
YQTYJ4QBmy0,https://www.youtube.com/watch?v=YQTYJ4QBmy0,Unknown Title,Unknown Category
zcJll5oN3Uc,https://www.youtube.com/watch?v=zcJll5oN3Uc,Unknown Title,Unknown Category
y8dXGLocojU,https://www.youtube.com/watch?v=y8dXGLocojU,Unknown Title,Unknown Category
CKM7UyM0Kcw,https://www.youtube.com/watch?v=CKM7UyM0Kcw,Unknown Title,Unknown Category
FZIeRyTq6T8,https://www.youtube.com/watch?v=FZIeRyTq6T8,Unknown Title,Unknown Category
FHZl8M16MLk,https://www.youtube.com/watch?v=FHZl8M16MLk,Unknown Title,Unknown Category
yhQwxU9UdFg,https://www.youtube.com/watch?v=yhQwxU9UdFg,Unknown Title,Unknown Category
a1WNmES1j5Y,https://www.youtube.com/watch?v=a1WNmES1j5Y,Unknown Title,Unknown Category
7EUsg6VKMIw,https://www.youtube.com/watch?v=7EUsg6VKMIw,Unknown Title,Unknown Category
C6M2AbDNGOE,https://www.youtube.com/watch?v=C6M2AbDNGOE,Unknown Title,Unknown Category
OJfMalFVQpI,https://www.youtube.com/watch?v=OJfMalFVQpI,Unknown Title,Unknown Category
eExNnVkpIsM,https://www.youtube.com/watch?v=eExNnVkpIsM,Unknown Title,Unknown Category
ThzDfsH3OxY,https://www.youtube.com/watch?v=ThzDfsH3OxY,Unknown Title,Unknown Category
gz1ow2MDMUw,https://www.youtube.com/watch?v=gz1ow2MDMUw,Unknown Title,Unknown Category
-IsXiyratbo,https://www.youtube.com/watch?v=-IsXiyratbo,Unknown Title,Unknown Category
XD11OUfnyXM,https://www.youtube.com/watch?v=XD11OUfnyXM,Unknown Title,Unknown Category
1HiBLQCqpcY,https://www.youtube.com/watch?v=1HiBLQCqpcY,Unknown Title,Unknown Category
3xCEAwXgSRA,https://www.youtube.com/watch?v=3xCEAwXgSRA,Unknown Title,Unknown Category
JoimqGNSGXg,https://www.youtube.com/watch?v=JoimqGNSGXg,Unknown Title,Unknown Category
kQbAmCyfSIo,https://www.youtube.com/watch?v=kQbAmCyfSIo,Unknown Title,Unknown Category
T3M7P9jbaoo,https://www.youtube.com/watch?v=T3M7P9jbaoo,Unknown Title,Unknown Category
f1H4VDa9OQI,https://www.youtube.com/watch?v=f1H4VDa9OQI,Unknown Title,Unknown Category
yKmEkvnlbBs,https://www.youtube.com/watch?v=yKmEkvnlbBs,Unknown Title,Unknown Category
xd7CvCZUnbU,https://www.youtube.com/watch?v=xd7CvCZUnbU,Unknown Title,Unknown Category
ygblfqUNvC0,https://www.youtube.com/watch?v=ygblfqUNvC0,Unknown Title,Unknown Category
We-gMRrNwNY,https://www.youtube.com/watch?v=We-gMRrNwNY,Unknown Title,Unknown Category
-Fmmi_iGIlc,https://www.youtube.com/watch?v=-Fmmi_iGIlc,Unknown Title,Unknown Category
KYMs-gKWAFQ,https://www.youtube.com/watch?v=KYMs-gKWAFQ,Unknown Title,Unknown Category
y5HGNvBeJnk,https://www.youtube.com/watch?v=y5HGNvBeJnk,Unknown Title,Unknown Category
3pfuGCvml6I,https://www.youtube.com/watch?v=3pfuGCvml6I,Unknown Title,Unknown Category
bIGQMDeCo0A,https://www.youtube.com/watch?v=bIGQMDeCo0A,Unknown Title,Unknown Category
I_mfaD9wZ5o,https://www.youtube.com/watch?v=I_mfaD9wZ5o,Unknown Title,Unknown Category
QvyKuAteOto,https://www.youtube.com/watch?v=QvyKuAteOto,Unknown Title,Unknown Category
Arw_qzO4GM8,https://www.youtube.com/watch?v=Arw_qzO4GM8,Unknown Title,Unknown Category
qSTO8k5EgCw,https://www.youtube.com/watch?v=qSTO8k5EgCw,Unknown Title,Unknown Category
IcyFf-zvkqc,https://www.youtube.com/watch?v=IcyFf-zvkqc,Unknown Title,Unknown Category
XXFpWP6hVjY,https://www.youtube.com/watch?v=XXFpWP6hVjY,Unknown Title,Unknown Category
GQtNRrK9S2s,https://www.youtube.com/watch?v=GQtNRrK9S2s,Unknown Title,Unknown Category
8WhBRKSo7Ow,https://www.youtube.com/watch?v=8WhBRKSo7Ow,Unknown Title,Unknown Category
9ysofS9WFTk,https://www.youtube.com/watch?v=9ysofS9WFTk,Unknown Title,Unknown Category
_Wn6Kr4eSbc,https://www.youtube.com/watch?v=_Wn6Kr4eSbc,Unknown Title,Unknown Category
yAxTqO_hmck,https://www.youtube.com/watch?v=yAxTqO_hmck,Unknown Title,Unknown Category
Cxw5brN3J7s,https://www.youtube.com/watch?v=Cxw5brN3J7s,Unknown Title,Unknown Category
dXWXhyY61Xg,https://www.youtube.com/watch?v=dXWXhyY61Xg,Unknown Title,Unknown Category
AxzsD8_zUGI,https://www.youtube.com/watch?v=AxzsD8_zUGI,Unknown Title,Unknown Category
wE8Im2Svaeg,https://www.youtube.com/watch?v=wE8Im2Svaeg,Unknown Title,Unknown Category
cXv2POSN6iM,https://www.youtube.com/watch?v=cXv2POSN6iM,Unknown Title,Unknown Category
PeF1Vzbo4vg,https://www.youtube.com/watch?v=PeF1Vzbo4vg,Unknown Title,Unknown Category
V48Sq5G8Y2Q,https://www.youtube.com/watch?v=V48Sq5G8Y2Q,Unknown Title,Unknown Category
x3JEq5TpPHc,https://www.youtube.com/watch?v=x3JEq5TpPHc,Unknown Title,Unknown Category
wKNy3uRuhQ8,https://www.youtube.com/watch?v=wKNy3uRuhQ8,Unknown Title,Unknown Category
ZX9AkkVdGWU,https://www.youtube.com/watch?v=ZX9AkkVdGWU,Unknown Title,Unknown Category
loiMTmoYT_k,https://www.youtube.com/watch?v=loiMTmoYT_k,Unknown Title,Unknown Category
zQGeKJ9EEZU,https://www.youtube.com/watch?v=zQGeKJ9EEZU,Unknown Title,Unknown Category
PvZLF9Lph4Y,https://www.youtube.com/watch?v=PvZLF9Lph4Y,Unknown Title,Unknown Category
s5GGsrazJIc,https://www.youtube.com/watch?v=s5GGsrazJIc,Unknown Title,Unknown Category
j2EWP9ke1Qo,https://www.youtube.com/watch?v=j2EWP9ke1Qo,Unknown Title,Unknown Category
1a_qKXruRHY,https://www.youtube.com/watch?v=1a_qKXruRHY,Unknown Title,Unknown Category
Q_Yt6QMTZmU,https://www.youtube.com/watch?v=Q_Yt6QMTZmU,Unknown Title,Unknown Category
vXnzMt7UZZc,https://www.youtube.com/watch?v=vXnzMt7UZZc,Unknown Title,Unknown Category
dPWx7Yv4vlM,https://www.youtube.com/watch?v=dPWx7Yv4vlM,Unknown Title,Unknown Category
diSkE3YLA1I,https://www.youtube.com/watch?v=diSkE3YLA1I,Unknown Title,Unknown Category
xNfFKjLskzs,https://www.youtube.com/watch?v=xNfFKjLskzs,Unknown Title,Unknown Category
G-xqE9fhEaE,https://www.youtube.com/watch?v=G-xqE9fhEaE,Unknown Title,Unknown Category
z5BMi7e4gww,https://www.youtube.com/watch?v=z5BMi7e4gww,Unknown Title,Unknown Category
9WodVxIxsWE,https://www.youtube.com/watch?v=9WodVxIxsWE,Unknown Title,Unknown Category
TECT7T3_OIQ,https://www.youtube.com/watch?v=TECT7T3_OIQ,Unknown Title,Unknown Category
5YDSMEmELZo,https://www.youtube.com/watch?v=5YDSMEmELZo,Unknown Title,Unknown Category
3Ei164DyooQ,https://www.youtube.com/watch?v=3Ei164DyooQ,Unknown Title,Unknown Category
LK8iOiqzohE,https://www.youtube.com/watch?v=LK8iOiqzohE,Unknown Title,Unknown Category
v899OGwjgkE,https://www.youtube.com/watch?v=v899OGwjgkE,Unknown Title,Unknown Category
Ex2wfyAsHT4,https://www.youtube.com/watch?v=Ex2wfyAsHT4,Unknown Title,Unknown Category
-jKpGW4qD6A,https://www.youtube.com/watch?v=-jKpGW4qD6A,Unknown Title,Unknown Category
3hYJRD-PWXc,https://www.youtube.com/watch?v=3hYJRD-PWXc,Unknown Title,Unknown Category
CsTZxSVGxUI,https://www.youtube.com/watch?v=CsTZxSVGxUI,Unknown Title,Unknown Category
-nfefNevHCE,https://www.youtube.com/watch?v=-nfefNevHCE,Unknown Title,Unknown Category
4TOf7i16E4E,https://www.youtube.com/watch?v=4TOf7i16E4E,Unknown Title,Unknown Category
b2okeTG_E0g,https://www.youtube.com/watch?v=b2okeTG_E0g,Unknown Title,Unknown Category
-9NbedNizN8,https://www.youtube.com/watch?v=-9NbedNizN8,Unknown Title,Unknown Category
Y7bscFjswmQ,https://www.youtube.com/watch?v=Y7bscFjswmQ,Unknown Title,Unknown Category
6tKC_cDC2Vk,https://www.youtube.com/watch?v=6tKC_cDC2Vk,Unknown Title,Unknown Category
NKcBv-31b0I,https://www.youtube.com/watch?v=NKcBv-31b0I,Unknown Title,Unknown Category
x2VuMMBx5aE,https://www.youtube.com/watch?v=x2VuMMBx5aE,Unknown Title,Unknown Category
rryitHhGwgM,https://www.youtube.com/watch?v=rryitHhGwgM,Unknown Title,Unknown Category
-P037QOXrXc,https://www.youtube.com/watch?v=-P037QOXrXc,Unknown Title,Unknown Category
3DrIsRIsSKk,https://www.youtube.com/watch?v=3DrIsRIsSKk,Unknown Title,Unknown Category
NBGBr_nS9L8,https://www.youtube.com/watch?v=NBGBr_nS9L8,Unknown Title,Unknown Category
lsLWkj5FHaY,https://www.youtube.com/watch?v=lsLWkj5FHaY,Unknown Title,Unknown Category
zpsXvxLGn4g,https://www.youtube.com/watch?v=zpsXvxLGn4g,How to Install a Drip Irrigation System,Howto & Style
5BVUeFbq6ao,https://www.youtube.com/watch?v=5BVUeFbq6ao,Unknown Title,Unknown Category
t0to0I4MgNg,https://www.youtube.com/watch?v=t0to0I4MgNg,Unknown Title,Unknown Category
FLRJ_F3itCw,https://www.youtube.com/watch?v=FLRJ_F3itCw,Unknown Title,Unknown Category
pS1eipMOpNk,https://www.youtube.com/watch?v=pS1eipMOpNk,Unknown Title,Unknown Category
BAtQ0LtWzz4,https://www.youtube.com/watch?v=BAtQ0LtWzz4,Unknown Title,Unknown Category
KjVVtXYaP0s,https://www.youtube.com/watch?v=KjVVtXYaP0s,Unknown Title,Unknown Category
LibhVHWPUs8,https://www.youtube.com/watch?v=LibhVHWPUs8,Unknown Title,Unknown Category
2ZWp7YWgbJs,https://www.youtube.com/watch?v=2ZWp7YWgbJs,My Summer Morning Routine/ Homesteading,Howto & Style
VPOYAmtv2z8,https://www.youtube.com/watch?v=VPOYAmtv2z8,Unknown Title,Unknown Category
lZb3FEBvRdk,https://www.youtube.com/watch?v=lZb3FEBvRdk,Unknown Title,Unknown Category
8N9SYjJG5hc,https://www.youtube.com/watch?v=8N9SYjJG5hc,Unknown Title,Unknown Category
tt0M4OdnrOE,https://www.youtube.com/watch?v=tt0M4OdnrOE,Unknown Title,Unknown Category
xV28HQK4OEM,https://www.youtube.com/watch?v=xV28HQK4OEM,Unknown Title,Unknown Category
TrvJ1R2XmVU,https://www.youtube.com/watch?v=TrvJ1R2XmVU,Unknown Title,Unknown Category
uCfaOFzNVVI,https://www.youtube.com/watch?v=uCfaOFzNVVI,Hope for upland rice farmers in Nepal,Education
3LameMxAu0k,https://www.youtube.com/watch?v=3LameMxAu0k,Unknown Title,Unknown Category
WeO6lkW4_Hk,https://www.youtube.com/watch?v=WeO6lkW4_Hk,Unknown Title,Unknown Category
zwqMQEG1Wdk,https://www.youtube.com/watch?v=zwqMQEG1Wdk,Unknown Title,Unknown Category
1ATibe4aTSU,https://www.youtube.com/watch?v=1ATibe4aTSU,Unknown Title,Unknown Category
_3FJ24A0k-U,https://www.youtube.com/watch?v=_3FJ24A0k-U,Unknown Title,Unknown Category
cDSqBhtwDlw,https://www.youtube.com/watch?v=cDSqBhtwDlw,Unknown Title,Unknown Category
TcmCO_0iVE0,https://www.youtube.com/watch?v=TcmCO_0iVE0,Unknown Title,Unknown Category
JdXVQKdhB4c,https://www.youtube.com/watch?v=JdXVQKdhB4c,Unknown Title,Unknown Category
MNGae9HhA0A,https://www.youtube.com/watch?v=MNGae9HhA0A,Unknown Title,Unknown Category
PU18CnqZOeo,https://www.youtube.com/watch?v=PU18CnqZOeo,Unknown Title,Unknown Category
cKI2qaQBCGQ,https://www.youtube.com/watch?v=cKI2qaQBCGQ,Unknown Title,Unknown Category
AwIg5PcOyAQ,https://www.youtube.com/watch?v=AwIg5PcOyAQ,Unknown Title,Unknown Category
lbaJRLGW-Xo,https://www.youtube.com/watch?v=lbaJRLGW-Xo,Unknown Title,Unknown Category
_vWVMGtX0Ew,https://www.youtube.com/watch?v=_vWVMGtX0Ew,Unknown Title,Unknown Category
oVz-BNSs_2U,https://www.youtube.com/watch?v=oVz-BNSs_2U,Unknown Title,Unknown Category
nn19K7VB0VM,https://www.youtube.com/watch?v=nn19K7VB0VM,Unknown Title,Unknown Category
qTo6HcCZPOc,https://www.youtube.com/watch?v=qTo6HcCZPOc,Unknown Title,Unknown Category
_8Y72awCby4,https://www.youtube.com/watch?v=_8Y72awCby4,Unknown Title,Unknown Category
K9sO9WCTjKA,https://www.youtube.com/watch?v=K9sO9WCTjKA,Unknown Title,Unknown Category
eco6KL_qtK0,https://www.youtube.com/watch?v=eco6KL_qtK0,Unknown Title,Unknown Category
lmENHIe1vBI,https://www.youtube.com/watch?v=lmENHIe1vBI,Vulcanizing a tractor tire patch @ Okra Paradise Farms 2014-09-03,Pets & Animals
pM7tHNLlFH8,https://www.youtube.com/watch?v=pM7tHNLlFH8,Unknown Title,Unknown Category
h7yTKbOJjwg,https://www.youtube.com/watch?v=h7yTKbOJjwg,Unknown Title,Unknown Category
bvLLu4PlUng,https://www.youtube.com/watch?v=bvLLu4PlUng,Unknown Title,Unknown Category
VZsHFormuGg,https://www.youtube.com/watch?v=VZsHFormuGg,Unknown Title,Unknown Category
gPjtlJLPYj4,https://www.youtube.com/watch?v=gPjtlJLPYj4,Unknown Title,Unknown Category
KbskOspIpc4,https://www.youtube.com/watch?v=KbskOspIpc4,Unknown Title,Unknown Category
eOulwXmYUzc,https://www.youtube.com/watch?v=eOulwXmYUzc,Unknown Title,Unknown Category
hLUZ6HLcztg,https://www.youtube.com/watch?v=hLUZ6HLcztg,Unknown Title,Unknown Category
LIVtbMszuuY,https://www.youtube.com/watch?v=LIVtbMszuuY,Unknown Title,Unknown Category
_UJW13G7n-A,https://www.youtube.com/watch?v=_UJW13G7n-A,Unknown Title,Unknown Category
Z1SlCPZC7tA,https://www.youtube.com/watch?v=Z1SlCPZC7tA,Unknown Title,Unknown Category
VHA_E3YTfDk,https://www.youtube.com/watch?v=VHA_E3YTfDk,Unknown Title,Unknown Category
